rent,bedrooms,bathrooms,size_sqft,min_to_subway,floor,building_age_yrs,no_fee,has_roofdeck,has_washer_dryer,has_doorman,has_elevator,has_dishwasher,has_patio,has_gym,neighborhood,borough
3600,3.0,2,900,4,1.0,15,1,0,0,0,0,0,0,0,Williamsburg,Brooklyn
3900,3.0,2,1000,4,9.0,8,0,0,0,0,1,0,0,0,Greenwood,Brooklyn
2700,2.0,1,900,4,2.0,96,0,0,0,0,0,0,0,0,Gowanus,Brooklyn
4900,1.0,1,1216,6,3.0,88,0,0,0,0,0,0,0,0,Brooklyn Heights,Brooklyn
3900,0.0,1,1100,3,4.0,85,1,0,0,0,0,0,0,0,Williamsburg,Brooklyn
2750,1.0,1,700,12,3.0,9,1,0,0,0,0,0,0,0,Clinton Hill,Brooklyn
2700,2.0,1,750,7,14.0,96,0,0,0,0,0,0,0,0,Williamsburg,Brooklyn
4905,2.0,2,1114,6,5.0,2,1,0,0,0,0,0,0,0,Williamsburg,Brooklyn
2000,1.0,1,700,4,2.0,85,0,0,0,0,0,0,0,0,Williamsburg,Brooklyn
3200,1.0,1,800,5,3.0,27,0,0,0,0,0,0,0,0,Boerum Hill,Brooklyn
2950,2.0,1,1000,4,3.0,85,0,0,0,0,0,0,0,0,Park Slope,Brooklyn
1950,2.0,1,950,5,2.0,75,0,0,0,0,0,0,0,0,Sheepshead Bay,Brooklyn
1799,1.0,1,650,7,3.0,8,0,0,0,0,0,0,0,0,Greenwood,Brooklyn
5317,2.0,2,981,3,5.0,85,1,0,0,0,0,0,0,0,Carroll Gardens,Brooklyn
2300,2.0,1,750,14,1.0,85,0,0,0,0,0,0,0,0,Red Hook,Brooklyn
2400,0.0,1,450,1,30.0,9,0,0,0,0,0,0,0,0,Fort Greene,Brooklyn
3045,1.0,1,589,1,3.0,17,1,0,0,0,0,0,0,0,Brooklyn Heights,Brooklyn
3790,1.0,1,681,2,7.0,90,1,1,1,1,1,0,0,1,Downtown Brooklyn,Brooklyn
2500,0.0,1,525,7,4.0,66,1,0,0,0,0,0,0,0,Crown Heights,Brooklyn
2600,3.0,1,1200,5,3.0,91,1,0,0,0,0,0,0,0,Crown Heights,Brooklyn
3226,1.0,1,976,3,5.0,0,1,0,0,0,0,0,0,0,Prospect Park South,Brooklyn
4995,2.0,2,1251,5,4.0,8,0,1,1,0,0,1,0,0,Williamsburg,Brooklyn
6950,3.0,2,1172,3,4.0,85,1,0,0,0,0,0,0,0,Carroll Gardens,Brooklyn
3500,3.0,1,950,5,2.0,115,1,0,0,0,0,0,0,0,Williamsburg,Brooklyn
3080,1.0,1,655,7,5.0,2,0,0,0,0,0,0,0,0,Williamsburg,Brooklyn
6992,2.0,2,1213,2,7.0,0,1,0,0,0,0,0,0,0,Williamsburg,Brooklyn
6000,4.0,2,1800,3,2.0,56,0,0,0,0,0,0,0,0,Williamsburg,Brooklyn
2700,2.0,2,750,11,2.0,96,0,0,0,0,0,0,0,0,Columbia St Waterfront District,Brooklyn
4246,2.0,2,1100,4,6.0,2,1,0,0,0,0,0,0,0,Williamsburg,Brooklyn
2299,3.0,1,1000,8,1.0,106,1,0,0,0,0,0,0,0,Crown Heights,Brooklyn
2400,1.5,1,750,5,2.0,88,0,0,0,0,0,0,0,0,Greenpoint,Brooklyn
2485,1.0,1,703,10,5.0,3,1,0,0,0,0,0,0,0,Clinton Hill,Brooklyn
4000,1.0,2,900,3,1.0,106,1,1,1,1,1,1,0,1,Williamsburg,Brooklyn
2995,4.0,1,2000,5,1.0,4,1,0,0,0,0,0,0,0,Crown Heights,Brooklyn
1500,1.0,1,800,6,3.0,52,0,0,0,0,0,0,0,0,Kensington,Brooklyn
4370,2.0,2,933,1,25.0,5,1,0,0,0,0,0,0,0,Downtown Brooklyn,Brooklyn
2400,2.0,1,800,8,2.0,111,1,0,0,0,0,0,0,0,Crown Heights,Brooklyn
3200,1.0,1,701,10,13.0,6,1,0,0,0,0,0,0,0,Clinton Hill,Brooklyn
3500,4.0,2,1500,7,1.0,86,1,0,0,0,0,0,0,0,Bushwick,Brooklyn
1600,1.5,1,800,3,3.0,109,0,0,0,0,0,0,0,0,Bushwick,Brooklyn
1650,1.0,1,686,6,4.0,57,1,0,0,0,0,0,0,0,Brighton Beach,Brooklyn
2600,3.0,1,800,3,1.0,96,0,0,0,0,0,0,0,0,Williamsburg,Brooklyn
2400,1.0,1,875,2,2.0,85,0,0,0,0,0,0,0,0,Gowanus,Brooklyn
1800,1.5,1,1000,2,2.0,85,0,0,0,0,0,0,0,0,Bushwick,Brooklyn
2295,1.5,1,600,4,2.0,86,0,0,0,0,0,0,0,0,Greenpoint,Brooklyn
4700,3.0,2,1300,4,3.0,85,1,1,0,1,1,0,0,1,Williamsburg,Brooklyn
1875,0.0,1,460,7,1.0,116,0,0,0,0,0,0,0,0,Carroll Gardens,Brooklyn
2900,2.0,1,756,3,2.0,9,0,0,0,0,0,0,0,0,Crown Heights,Brooklyn
3600,3.0,1,1000,2,4.0,86,1,0,0,0,0,0,0,0,Prospect Heights,Brooklyn
2450,1.0,1,800,5,3.0,85,1,0,0,0,0,0,0,0,Bushwick,Brooklyn
3200,2.0,1,1000,3,3.0,96,0,0,0,0,0,0,0,0,Park Slope,Brooklyn
3300,1.0,1,974,3,7.0,2,0,0,0,0,0,0,0,0,Williamsburg,Brooklyn
8900,3.0,2,2000,8,3.0,102,0,0,0,0,0,0,0,0,Williamsburg,Brooklyn
2195,0.0,1,550,3,4.0,85,1,0,0,0,0,0,0,0,Boerum Hill,Brooklyn
2900,1.0,1,662,1,4.0,9,0,0,0,0,0,0,0,0,Downtown Brooklyn,Brooklyn
2400,3.0,1,1100,3,4.0,106,1,0,0,0,0,0,0,0,Bedford-Stuyvesant,Brooklyn
2000,2.0,1,850,8,5.0,80,0,0,0,0,0,0,0,0,Bay Ridge,Brooklyn
3100,1.0,1,820,1,10.0,96,1,1,1,1,1,1,0,1,Downtown Brooklyn,Brooklyn
1650,1.0,1,620,1,1.0,90,0,0,0,0,0,0,0,0,Prospect Park South,Brooklyn
3090,1.0,1,675,1,16.0,7,1,0,0,0,0,0,0,0,Downtown Brooklyn,Brooklyn
4120,2.0,2,917,7,4.0,2,0,0,0,0,0,0,0,0,Williamsburg,Brooklyn
4079,2.0,2,1154,10,14.0,6,1,1,1,0,1,1,1,1,Clinton Hill,Brooklyn
1984,1.0,1,761,6,55.0,89,1,0,0,0,0,0,0,0,Flatbush,Brooklyn
2745,0.0,1,476,1,37.0,7,1,0,0,0,0,0,0,0,Downtown Brooklyn,Brooklyn
1695,1.0,1,700,7,3.0,53,0,0,0,0,0,0,0,0,Kensington,Brooklyn
2850,1.0,1,800,7,3.0,12,0,0,0,0,0,0,0,0,Williamsburg,Brooklyn
2123,1.0,1,720,6,58.0,89,1,0,0,0,0,0,0,0,Flatbush,Brooklyn
2250,1.0,0,700,9,1.0,85,0,0,0,0,0,0,0,0,Greenpoint,Brooklyn
4995,2.0,2,1400,2,6.0,96,1,0,1,1,0,0,0,1,DUMBO,Brooklyn
2600,0.0,1,469,1,39.0,7,1,0,0,0,0,0,0,0,Downtown Brooklyn,Brooklyn
5300,2.0,2,1211,9,6.0,0,1,0,0,0,0,0,0,0,Greenpoint,Brooklyn
3786,2.0,1,958,3,6.0,2,0,0,0,0,0,0,0,0,Williamsburg,Brooklyn
5300,2.0,1,1020,6,3.0,88,0,0,0,0,0,0,0,0,Brooklyn Heights,Brooklyn
2900,3.0,1,1500,1,2.0,85,0,0,0,0,0,0,0,0,Bushwick,Brooklyn
2975,1.0,1,701,10,4.0,6,1,0,0,1,0,0,0,0,Clinton Hill,Brooklyn
1500,1.0,1,600,6,3.0,85,0,0,0,0,0,0,0,0,Flatbush,Brooklyn
4000,1.5,1,828,5,26.0,6,0,0,0,0,0,0,0,0,Williamsburg,Brooklyn
2200,0.0,1,400,5,3.0,96,1,0,0,0,0,0,0,0,Williamsburg,Brooklyn
6300,2.0,2,1217,0,6.0,116,0,0,1,1,1,1,0,1,Brooklyn Heights,Brooklyn
2400,0.0,1,450,7,2.0,15,1,0,0,0,0,0,0,0,Williamsburg,Brooklyn
2350,1.0,1,550,2,2.0,88,0,0,0,0,0,0,0,0,Park Slope,Brooklyn
5145,2.0,2,1106,1,21.0,17,1,0,0,0,1,0,0,0,Brooklyn Heights,Brooklyn
2900,0.0,1,582,1,4.0,10,0,0,1,1,1,0,0,1,DUMBO,Brooklyn
1400,1.0,0,650,7,11.0,92,0,0,0,0,0,0,0,0,Brownsville,Brooklyn
2900,3.0,2,1335,5,4.0,9,0,0,0,1,1,1,0,0,Gravesend,Brooklyn
1995,1.0,1,1000,2,5.0,83,0,0,0,0,0,0,0,0,Brighton Beach,Brooklyn
2650,2.0,1,800,2,3.0,106,0,0,0,0,0,0,0,0,Boerum Hill,Brooklyn
2300,1.0,1,1000,7,1.0,107,0,0,0,0,0,0,0,0,Crown Heights,Brooklyn
5000,2.0,2,1124,8,5.0,3,1,0,0,0,0,0,0,0,Williamsburg,Brooklyn
5195,2.0,2,1085,6,4.0,8,1,0,1,0,0,0,0,0,Williamsburg,Brooklyn
3600,0.0,1,1088,5,8.0,90,0,1,1,0,1,1,0,1,Downtown Brooklyn,Brooklyn
4850,2.0,1,1006,8,6.0,3,1,0,0,0,0,0,0,0,Williamsburg,Brooklyn
3500,3.0,1,914,5,1.0,85,0,0,1,0,0,0,0,0,Crown Heights,Brooklyn
3800,2.0,2,863,5,6.0,8,1,0,0,0,0,0,0,0,Williamsburg,Brooklyn
2575,0.0,1,503,1,41.0,7,1,0,0,0,0,0,0,0,Downtown Brooklyn,Brooklyn
3000,2.0,1,1400,1,2.0,117,0,0,0,0,0,0,0,0,Boerum Hill,Brooklyn
2200,0.0,1,522,11,4.0,88,0,0,0,0,0,1,0,0,Carroll Gardens,Brooklyn
2428,2.0,1,1092,5,13.0,52,1,0,0,0,0,0,0,0,Coney Island,Brooklyn
1600,0.0,1,550,6,3.0,81,0,0,0,0,0,0,0,0,Prospect Park South,Brooklyn
4488,2.0,2,930,3,4.0,4,1,0,0,0,0,0,0,0,Williamsburg,Brooklyn
4950,2.0,1,1006,8,6.0,3,1,0,0,0,0,0,0,0,Williamsburg,Brooklyn
3495,0.0,1,815,6,4.0,88,1,0,0,0,1,0,0,0,Brooklyn Heights,Brooklyn
1950,0.0,1,431,3,6.0,96,0,0,0,0,0,0,0,0,Park Slope,Brooklyn
3500,1.0,1,751,4,3.0,5,1,0,0,0,1,1,0,0,Williamsburg,Brooklyn
2650,2.0,2,1073,7,4.0,96,1,0,0,0,0,0,0,0,Brighton Beach,Brooklyn
5050,2.0,2,1071,7,7.0,2,0,0,0,0,0,0,0,0,Williamsburg,Brooklyn
2200,2.0,1,1200,3,4.0,103,0,0,0,0,0,0,0,0,Prospect Park South,Brooklyn
2150,2.0,1,900,5,3.0,85,1,0,0,0,0,0,0,0,Bushwick,Brooklyn
15750,3.0,3,3056,4,6.0,96,0,0,0,0,0,0,0,0,DUMBO,Brooklyn
4215,2.0,2,976,1,23.0,7,1,0,0,0,0,0,0,0,Downtown Brooklyn,Brooklyn
2348,1.0,1,760,1,3.0,96,1,0,0,0,0,0,0,0,Williamsburg,Brooklyn
1581,0.0,1,513,5,12.0,52,1,0,0,0,0,0,0,0,Coney Island,Brooklyn
2850,3.0,2,1500,7,2.0,11,1,0,0,0,0,0,0,0,Bedford-Stuyvesant,Brooklyn
3171,1.0,1,711,1,29.0,9,1,0,0,0,0,0,0,0,Fort Greene,Brooklyn
3300,2.0,1,795,2,2.0,9,1,0,0,0,0,0,0,0,Crown Heights,Brooklyn
3225,2.0,1,1200,3,6.0,87,1,0,0,0,0,0,0,0,Windsor Terrace,Brooklyn
3000,2.0,1,700,1,3.0,108,0,0,0,0,0,0,0,0,Park Slope,Brooklyn
1675,1.0,1,805,4,4.0,59,1,0,0,0,0,0,0,0,Gravesend,Brooklyn
2225,0.0,1,536,5,1.0,8,1,0,0,0,0,0,0,0,Williamsburg,Brooklyn
5800,1.0,1,1293,5,10.0,100,0,0,0,0,0,0,0,0,DUMBO,Brooklyn
1550,1.0,1,625,7,9.0,94,1,0,0,0,0,0,0,0,Sheepshead Bay,Brooklyn
5346,2.0,1,842,5,6.0,1,1,0,0,0,0,0,0,0,DUMBO,Brooklyn
3155,1.0,1,677,1,29.0,7,1,0,0,0,0,0,0,0,Downtown Brooklyn,Brooklyn
2400,2.0,1,700,1,1.0,106,1,0,0,0,0,0,0,0,Bedford-Stuyvesant,Brooklyn
2250,1.0,1,611,2,9.0,9,1,0,0,0,0,0,0,0,Bushwick,Brooklyn
2500,0.0,1,634,6,3.0,11,0,0,1,1,1,1,0,0,Downtown Brooklyn,Brooklyn
1500,0.0,0,400,2,1.0,103,0,0,0,0,0,0,0,0,Crown Heights,Brooklyn
11000,4.0,3,3243,2,29.0,89,0,0,0,0,0,0,0,0,Fort Greene,Brooklyn
3800,2.0,1,1312,12,1.0,9,1,0,0,1,1,1,0,0,Clinton Hill,Brooklyn
2395,3.0,1,1000,2,3.0,101,1,0,0,0,0,0,0,0,Crown Heights,Brooklyn
2395,3.0,1,950,4,3.0,109,1,0,0,0,0,0,0,0,Bushwick,Brooklyn
3200,3.0,1,1000,2,3.0,85,1,0,0,0,0,0,0,0,Williamsburg,Brooklyn
4550,2.0,1,1200,3,7.0,2,0,0,0,0,0,0,0,0,Williamsburg,Brooklyn
4615,2.0,2,922,1,16.0,5,1,0,0,0,0,0,0,0,Downtown Brooklyn,Brooklyn
2850,2.0,1,850,1,3.0,13,1,0,0,0,0,1,0,0,Bedford-Stuyvesant,Brooklyn
2800,4.0,1,1000,6,1.0,110,1,0,0,0,0,0,0,0,Bedford-Stuyvesant,Brooklyn
3000,1.0,1,731,5,6.0,96,1,0,0,0,0,0,0,0,Downtown Brooklyn,Brooklyn
3900,2.0,2,914,3,2.0,2,0,0,0,0,0,0,0,0,Williamsburg,Brooklyn
2814,0.0,1,615,8,5.0,106,1,0,0,0,0,0,0,0,Williamsburg,Brooklyn
5299,2.0,1,1006,8,6.0,3,1,0,0,0,0,0,0,0,Williamsburg,Brooklyn
1550,1.0,1,650,3,2.0,106,1,0,0,0,0,0,0,0,Crown Heights,Brooklyn
2200,1.0,1,475,1,3.0,85,0,0,0,0,0,0,0,0,Cobble Hill,Brooklyn
6875,3.0,2,1200,3,6.0,1,1,0,0,0,0,0,0,0,Williamsburg,Brooklyn
2978,1.0,1,657,2,33.0,3,1,0,0,0,0,0,0,0,Fort Greene,Brooklyn
5550,2.0,2,1132,1,47.0,7,1,0,0,0,0,0,0,0,Downtown Brooklyn,Brooklyn
1400,0.0,1,550,5,5.0,63,1,0,0,0,0,0,0,0,Ocean Parkway,Brooklyn
3875,2.0,2,1100,7,12.0,6,1,1,0,0,1,1,0,1,Downtown Brooklyn,Brooklyn
1650,1.0,1,800,3,3.0,85,0,0,0,0,0,0,0,0,Crown Heights,Brooklyn
4800,2.0,2,1208,6,16.0,11,1,0,1,0,0,0,1,0,Downtown Brooklyn,Brooklyn
1750,1.0,1,500,2,3.0,85,0,0,0,0,0,0,0,0,Prospect Lefferts Gardens,Brooklyn
3305,0.0,1,515,3,6.0,16,1,0,0,0,0,0,0,0,DUMBO,Brooklyn
3300,2.0,1,743,12,3.0,9,1,1,0,1,1,1,0,1,Clinton Hill,Brooklyn
4695,2.0,2,862,5,3.0,8,1,1,0,0,0,0,0,0,Williamsburg,Brooklyn
2200,1.0,1,750,5,5.0,86,0,0,0,0,0,0,0,0,Williamsburg,Brooklyn
3070,1.0,1,613,9,10.0,4,1,0,0,0,0,0,0,0,Williamsburg,Brooklyn
3445,1.0,1,617,6,4.0,92,1,0,0,0,0,0,0,0,Cobble Hill,Brooklyn
2250,2.0,1,733,3,4.0,100,0,0,0,0,0,0,0,0,Greenwood,Brooklyn
1775,1.0,1,750,10,4.0,65,0,0,0,0,0,0,0,0,Kensington,Brooklyn
4675,2.0,2,1098,3,2.0,7,1,0,0,0,0,0,0,0,Williamsburg,Brooklyn
3795,2.0,1,770,3,8.0,2,1,0,0,0,0,0,0,0,Downtown Brooklyn,Brooklyn
5000,2.0,2,1124,4,4.0,10,0,1,1,0,1,0,0,0,DUMBO,Brooklyn
4695,2.0,2,1100,7,10.0,5,1,1,0,0,0,0,0,0,Carroll Gardens,Brooklyn
3348,0.0,1,426,5,16.0,1,1,0,0,0,0,0,0,0,DUMBO,Brooklyn
2395,3.0,1,950,4,1.0,109,0,0,0,0,0,0,0,0,Bushwick,Brooklyn
2970,1.0,1,677,1,15.0,7,1,0,0,0,0,0,0,0,Downtown Brooklyn,Brooklyn
2840,0.0,1,505,1,44.0,7,1,0,0,0,0,0,0,0,Downtown Brooklyn,Brooklyn
3000,1.0,1,930,2,2.0,11,0,0,1,0,0,1,0,0,Williamsburg,Brooklyn
3461,1.0,1,725,2,23.0,3,1,0,0,0,0,0,0,0,Fort Greene,Brooklyn
2450,1.0,1,750,1,2.0,96,1,0,0,0,0,0,0,0,Williamsburg,Brooklyn
2599,2.0,1,800,5,1.0,106,0,0,0,0,0,0,0,0,Williamsburg,Brooklyn
2100,1.0,1,900,7,1.0,13,0,0,0,0,0,0,0,0,Carroll Gardens,Brooklyn
1950,0.0,1,521,2,2.0,2,0,0,0,0,0,0,0,0,Greenwood,Brooklyn
3900,1.0,1,865,10,6.0,116,0,0,1,0,1,1,0,0,Williamsburg,Brooklyn
2300,2.0,1,1000,7,6.0,55,0,1,0,1,0,1,0,0,Bay Ridge,Brooklyn
2300,1.0,1,750,4,2.0,85,1,0,0,0,0,0,0,0,Williamsburg,Brooklyn
3000,3.0,1,1000,14,1.0,96,0,0,0,0,0,0,0,0,Fort Greene,Brooklyn
2400,2.0,1,700,4,4.0,96,0,0,0,0,0,0,0,0,Williamsburg,Brooklyn
1350,1.0,1,750,7,9.0,92,0,0,0,0,0,0,0,0,Brownsville,Brooklyn
3400,3.0,2,1500,5,1.0,85,1,0,0,0,0,0,0,0,Bushwick,Brooklyn
2150,1.0,1,650,5,2.0,86,0,0,0,0,0,0,0,0,Williamsburg,Brooklyn
2575,0.0,1,725,2,4.0,85,0,0,0,0,0,0,0,0,Williamsburg,Brooklyn
2995,1.0,1,765,9,4.0,7,1,0,0,0,0,0,0,0,Williamsburg,Brooklyn
6000,3.0,2,1798,1,13.0,88,0,0,1,0,0,1,0,0,Downtown Brooklyn,Brooklyn
2850,3.0,2,1500,7,2.0,11,1,0,0,0,0,0,0,0,Bedford-Stuyvesant,Brooklyn
1325,0.0,1,300,1,3.0,85,0,0,0,0,0,0,0,0,Sunset Park,Brooklyn
2650,1.0,1,600,7,2.0,117,0,0,0,0,0,0,0,0,Carroll Gardens,Brooklyn
4595,3.0,1,1000,7,2.0,106,1,0,0,0,0,0,0,0,Williamsburg,Brooklyn
2799,1.0,1,700,6,2.0,11,0,0,0,0,0,0,0,0,Greenpoint,Brooklyn
2200,2.0,1,800,3,2.0,115,0,0,0,0,0,0,0,0,Bedford-Stuyvesant,Brooklyn
3800,1.0,1,1000,3,4.0,88,0,0,0,0,0,0,0,0,Williamsburg,Brooklyn
4361,3.0,1,914,3,2.0,2,0,0,0,0,0,0,0,0,Williamsburg,Brooklyn
1900,2.0,1,900,4,1.0,96,1,0,0,0,0,0,0,0,Williamsburg,Brooklyn
3200,1.0,1,796,2,2.0,96,0,0,1,1,1,0,0,1,DUMBO,Brooklyn
3300,2.0,1,1300,3,2.0,85,0,0,0,0,0,0,0,0,Williamsburg,Brooklyn
2650,1.0,1,750,1,2.0,92,1,0,1,0,1,0,0,0,Brooklyn Heights,Brooklyn
4299,1.0,1,901,6,10.0,88,0,1,0,1,1,0,0,1,Brooklyn Heights,Brooklyn
2400,3.0,1,900,3,4.0,102,0,0,0,0,0,0,0,0,Ditmas Park,Brooklyn
2640,0.0,1,472,6,5.0,2,1,0,0,0,0,0,0,0,Williamsburg,Brooklyn
2300,0.0,1,550,2,4.0,86,0,0,0,0,0,0,0,0,Clinton Hill,Brooklyn
2400,0.0,1,500,6,12.0,7,0,1,1,1,1,1,0,1,Downtown Brooklyn,Brooklyn
2300,0.0,1,550,7,5.0,6,0,0,0,0,0,0,0,0,Downtown Brooklyn,Brooklyn
2950,1.0,1,660,14,4.0,96,1,0,0,0,0,1,0,0,Columbia St Waterfront District,Brooklyn
2300,3.0,1,850,7,1.0,92,0,0,0,0,0,0,0,0,Bay Ridge,Brooklyn
2600,1.0,1,655,5,2.0,5,0,0,0,0,0,0,0,0,Clinton Hill,Brooklyn
3385,3.0,2,1175,4,2.0,9,1,0,0,0,0,0,0,0,Crown Heights,Brooklyn
1800,1.0,1,779,8,4.0,86,1,0,0,0,0,0,0,0,Bay Ridge,Brooklyn
4500,2.0,1,1571,5,6.0,96,0,0,0,0,0,0,0,0,Williamsburg,Brooklyn
4595,2.0,2,1088,7,10.0,5,1,1,0,0,0,0,0,0,Carroll Gardens,Brooklyn
2760,1.0,1,405,4,4.0,106,1,0,0,0,0,0,0,0,Williamsburg,Brooklyn
2530,1.0,1,701,10,6.0,3,1,0,0,0,0,0,0,0,Clinton Hill,Brooklyn
2495,3.0,1,900,1,3.0,9,1,0,0,0,0,0,0,0,Bedford-Stuyvesant,Brooklyn
3495,1.0,1,882,5,3.0,6,0,0,0,1,1,1,0,1,Williamsburg,Brooklyn
3850,2.0,2,1127,3,5.0,2,0,0,0,0,0,0,0,0,Williamsburg,Brooklyn
13500,4.0,3,2364,6,5.0,8,0,0,0,0,0,0,0,0,Carroll Gardens,Brooklyn
4500,3.0,2,1000,2,3.0,106,1,0,0,0,0,0,0,0,Williamsburg,Brooklyn
2500,0.0,1,525,7,3.0,66,1,0,0,0,0,0,0,0,Crown Heights,Brooklyn
3500,2.0,1,1000,11,3.0,116,0,0,0,0,0,0,0,0,Williamsburg,Brooklyn
4195,2.0,2,886,8,2.0,3,0,0,0,0,0,0,0,0,Williamsburg,Brooklyn
9400,3.0,2,1274,8,6.0,3,1,0,0,0,0,0,0,0,Williamsburg,Brooklyn
2550,2.0,1,790,2,2.0,9,1,0,1,1,1,0,0,1,Bushwick,Brooklyn
5100,2.0,2,1123,8,5.0,3,1,0,0,0,0,0,0,0,Williamsburg,Brooklyn
3369,1.0,1,717,4,9.0,7,1,0,0,0,0,0,0,0,Williamsburg,Brooklyn
2775,2.0,1,675,2,3.0,85,0,0,0,0,0,0,0,0,Williamsburg,Brooklyn
3029,1.0,1,655,7,3.0,2,0,0,0,0,0,0,0,0,Williamsburg,Brooklyn
4800,3.0,2,1500,7,1.0,106,0,0,0,0,0,0,0,0,Brooklyn Heights,Brooklyn
5295,2.0,2,1254,1,19.0,10,0,0,0,0,0,0,1,1,DUMBO,Brooklyn
2395,1.0,1,700,6,2.0,86,0,0,0,0,0,0,0,0,Greenpoint,Brooklyn
2995,1.0,2,1000,4,4.0,3,0,0,0,0,0,0,0,0,Bedford-Stuyvesant,Brooklyn
5250,3.0,2,1300,4,7.0,7,1,1,1,0,0,1,0,0,Clinton Hill,Brooklyn
2975,0.0,1,605,5,23.0,6,0,0,0,0,1,1,0,1,Williamsburg,Brooklyn
4795,3.0,1,1100,2,3.0,106,1,0,0,0,0,0,0,0,Williamsburg,Brooklyn
2450,2.0,1,1000,7,2.0,85,1,0,0,0,0,0,0,0,Bushwick,Brooklyn
4500,3.0,1,1000,4,1.0,85,1,0,0,0,0,0,0,0,Williamsburg,Brooklyn
2650,2.0,1,777,4,1.0,15,0,0,0,0,0,0,0,0,Boerum Hill,Brooklyn
4350,3.0,1,950,2,2.0,106,1,0,0,0,0,0,0,0,Williamsburg,Brooklyn
3100,3.0,1,710,9,2.0,106,1,0,0,0,0,0,0,0,Bedford-Stuyvesant,Brooklyn
3370,1.0,1,677,1,20.0,7,1,0,0,0,0,0,0,0,Downtown Brooklyn,Brooklyn
1832,1.0,1,690,5,11.0,52,1,0,0,0,0,0,0,0,Coney Island,Brooklyn
6500,1.0,1,1000,8,2.0,51,0,0,0,0,0,0,0,0,Williamsburg,Brooklyn
2780,0.0,1,520,5,2.0,11,1,0,0,0,0,0,0,0,Downtown Brooklyn,Brooklyn
3067,2.0,1,775,9,3.0,106,1,0,0,0,0,0,0,0,Greenpoint,Brooklyn
1600,0.0,1,500,6,10.0,54,0,0,0,0,0,0,0,0,Prospect Lefferts Gardens,Brooklyn
2650,0.0,1,516,2,12.0,3,1,0,0,0,0,0,0,0,Fort Greene,Brooklyn
3375,1.0,1,750,1,40.0,3,1,0,0,0,0,0,0,0,Downtown Brooklyn,Brooklyn
2850,1.0,1,825,12,3.0,9,1,0,0,0,0,0,0,0,Clinton Hill,Brooklyn
3994,2.0,1,800,7,3.0,7,1,0,0,0,0,0,0,0,Williamsburg,Brooklyn
3875,2.0,3,1274,5,4.0,11,0,0,0,0,0,0,0,0,Crown Heights,Brooklyn
3600,1.0,1,1100,4,4.0,96,1,0,0,0,0,0,0,0,DUMBO,Brooklyn
3500,2.0,2,1014,4,5.0,9,0,0,0,0,0,0,0,0,Ditmas Park,Brooklyn
2615,0.0,1,430,1,24.0,5,1,0,0,0,0,0,0,0,Downtown Brooklyn,Brooklyn
2200,1.0,1,825,3,6.0,54,0,0,0,0,0,0,0,0,Ditmas Park,Brooklyn
3120,1.0,1,677,1,28.0,7,1,0,0,0,0,0,0,0,Downtown Brooklyn,Brooklyn
3299,3.0,1,972,7,3.0,116,0,0,0,0,0,0,0,0,Carroll Gardens,Brooklyn
3000,1.0,1,676,5,12.0,96,1,0,0,0,0,0,0,0,Downtown Brooklyn,Brooklyn
4545,2.0,2,852,3,4.0,7,1,0,0,0,0,0,0,0,Williamsburg,Brooklyn
1400,0.0,1,550,2,4.0,87,0,0,0,0,0,0,0,0,Prospect Park South,Brooklyn
3300,2.0,1,626,3,5.0,2,0,0,0,0,0,0,0,0,Williamsburg,Brooklyn
5995,2.0,2,1179,5,26.0,6,0,0,0,1,1,0,0,1,Williamsburg,Brooklyn
1900,2.0,1,800,7,3.0,85,0,0,0,0,0,0,0,0,Bay Ridge,Brooklyn
2630,0.0,1,408,5,9.0,11,1,0,0,0,0,0,0,0,Downtown Brooklyn,Brooklyn
1895,2.0,1,930,6,5.0,57,1,0,0,0,0,0,0,0,Brighton Beach,Brooklyn
1895,2.0,1,750,4,2.0,107,1,0,0,0,0,0,0,0,Bedford-Stuyvesant,Brooklyn
4500,3.0,1,1500,2,1.0,6,0,0,0,0,0,0,0,0,Bedford-Stuyvesant,Brooklyn
4095,2.0,1,900,2,68.0,8,0,0,0,0,0,0,0,0,Williamsburg,Brooklyn
3400,1.0,1,723,8,3.0,3,1,0,0,0,0,0,0,0,Williamsburg,Brooklyn
2775,2.0,1,850,2,2.0,11,1,0,0,1,0,0,0,0,Bushwick,Brooklyn
2700,1.0,1,700,6,3.0,96,0,0,1,1,1,1,0,1,Carroll Gardens,Brooklyn
2925,1.0,1,664,9,9.0,4,1,0,0,0,0,0,0,0,Williamsburg,Brooklyn
2400,1.0,1,568,4,2.0,1,0,0,0,0,0,0,0,0,Bedford-Stuyvesant,Brooklyn
1900,2.0,1,900,3,4.0,85,0,0,0,0,0,0,0,0,Prospect Park South,Brooklyn
1650,1.0,1,500,8,2.0,91,0,0,0,0,0,0,0,0,Red Hook,Brooklyn
4145,2.0,1,709,7,4.0,157,1,0,0,0,0,0,0,0,Cobble Hill,Brooklyn
2500,1.0,2,680,4,2.0,8,0,0,1,0,0,0,1,0,Greenwood,Brooklyn
2300,1.0,1,700,13,4.0,96,0,0,0,0,0,0,0,0,Cobble Hill,Brooklyn
3195,2.0,1,1200,3,4.0,10,1,0,0,0,0,0,0,0,Williamsburg,Brooklyn
2750,1.0,1,700,12,4.0,9,0,0,0,0,1,0,0,0,Clinton Hill,Brooklyn
1650,0.5,1,750,4,1.0,75,0,0,0,0,0,0,0,0,Kensington,Brooklyn
4500,2.0,2,1800,10,2.0,1,0,0,0,0,0,0,0,0,Manhattan Beach,Brooklyn
3199,1.5,0,750,4,3.0,96,1,0,0,0,0,0,0,0,Downtown Brooklyn,Brooklyn
4300,2.0,2,1222,6,15.0,13,0,1,0,1,1,1,0,1,Williamsburg,Brooklyn
2000,0.0,1,414,8,2.0,85,1,0,0,0,0,0,0,0,Boerum Hill,Brooklyn
2534,0.0,1,437,7,2.0,2,0,0,0,0,0,0,0,0,Williamsburg,Brooklyn
2500,1.0,1,800,2,3.0,86,1,0,0,0,0,0,0,0,Williamsburg,Brooklyn
3750,3.0,2,1300,2,2.0,85,0,0,0,0,0,0,0,0,Bedford-Stuyvesant,Brooklyn
3400,0.0,2,705,5,2.0,96,0,0,0,0,0,0,0,0,Williamsburg,Brooklyn
3225,1.0,1,590,1,25.0,17,1,0,0,0,0,0,0,0,Brooklyn Heights,Brooklyn
4200,2.0,2,1222,6,14.0,13,1,0,0,0,0,0,0,0,Williamsburg,Brooklyn
2488,1.0,1,500,7,5.0,116,0,0,0,0,1,0,0,1,Brooklyn Heights,Brooklyn
2550,1.0,1,613,6,3.0,10,0,1,1,1,1,1,1,0,Park Slope,Brooklyn
3250,2.0,1,900,6,2.0,96,1,0,0,0,0,0,0,0,Williamsburg,Brooklyn
3411,1.0,1,713,4,18.0,7,1,0,0,0,0,0,0,0,Williamsburg,Brooklyn
1500,1.0,1,700,6,3.0,60,0,0,0,0,0,0,0,0,Ocean Parkway,Brooklyn
1995,2.0,2,845,3,1.0,111,0,0,0,0,0,0,0,0,Bedford-Stuyvesant,Brooklyn
2510,0.0,1,476,1,36.0,7,1,0,0,0,0,0,0,0,Downtown Brooklyn,Brooklyn
3900,1.0,1,625,5,5.0,1,1,0,0,0,0,0,0,0,DUMBO,Brooklyn
3600,2.0,1,1100,4,12.0,58,0,0,1,1,1,1,0,0,Downtown Brooklyn,Brooklyn
3000,4.0,1,1200,2,2.0,106,0,0,0,0,0,0,0,0,Bedford-Stuyvesant,Brooklyn
3320,1.0,1,578,1,18.0,17,1,0,0,0,0,1,0,0,Brooklyn Heights,Brooklyn
3400,3.0,2,1500,5,1.0,85,1,0,0,0,0,0,0,0,Bushwick,Brooklyn
2495,0.0,1,487,1,14.0,5,1,0,0,0,0,0,0,0,Downtown Brooklyn,Brooklyn
6600,2.0,2,1218,0,6.0,116,1,0,1,1,1,1,0,1,Brooklyn Heights,Brooklyn
2000,0.0,1,450,8,1.0,111,0,0,0,0,0,0,0,0,Fort Greene,Brooklyn
2570,2.0,1,950,5,8.0,6,1,0,0,0,0,1,0,0,Flatbush,Brooklyn
2900,1.0,1,750,7,2.0,8,0,0,0,0,0,0,0,0,Williamsburg,Brooklyn
2000,1.0,1,650,2,4.0,85,1,0,0,0,0,0,0,0,Crown Heights,Brooklyn
3204,1.0,1,616,6,2.0,2,1,0,0,0,0,0,0,0,Williamsburg,Brooklyn
6895,3.0,2,1601,1,26.0,10,1,0,0,0,0,0,0,0,DUMBO,Brooklyn
3499,2.0,2,1600,5,1.0,85,1,0,0,0,0,0,0,0,Bushwick,Brooklyn
3800,3.0,1,1000,14,1.0,96,0,0,0,0,0,0,0,0,Fort Greene,Brooklyn
3700,3.0,1,1500,3,2.0,110,0,0,0,0,0,0,0,0,Prospect Heights,Brooklyn
3540,1.0,1,683,3,6.0,7,1,0,0,0,0,0,0,0,Williamsburg,Brooklyn
2704,0.0,1,437,7,7.0,2,1,0,0,0,0,0,0,0,Williamsburg,Brooklyn
1425,1.0,1,650,4,1.0,88,0,0,0,0,0,0,0,0,Bay Ridge,Brooklyn
1950,2.0,1,800,4,2.0,106,0,0,0,0,0,0,0,0,Kensington,Brooklyn
1581,0.0,1,513,2,5.0,52,0,0,0,0,0,0,0,0,Coney Island,Brooklyn
4500,3.0,2,1000,2,3.0,106,1,0,0,0,0,0,0,0,Williamsburg,Brooklyn
2000,1.0,1,1064,9,5.0,84,0,0,0,0,0,0,0,0,Bay Ridge,Brooklyn
2500,1.0,1,804,7,6.0,90,1,0,0,0,0,0,0,0,Flatbush,Brooklyn
3995,3.5,2,1500,3,1.0,85,0,0,0,0,0,0,0,0,Greenpoint,Brooklyn
5320,2.0,2,992,5,11.0,11,1,0,0,0,0,0,0,0,Downtown Brooklyn,Brooklyn
2590,2.0,1,800,2,3.0,106,0,0,0,0,0,0,0,0,Williamsburg,Brooklyn
5500,3.0,2,1652,1,10.0,88,1,0,1,0,0,0,1,0,Downtown Brooklyn,Brooklyn
4350,3.0,1,950,2,2.0,106,1,0,0,0,0,0,0,0,Williamsburg,Brooklyn
3950,3.0,2,1450,2,4.0,79,0,0,0,0,0,0,0,0,Windsor Terrace,Brooklyn
2350,2.0,1,1000,3,12.0,111,0,0,0,0,0,0,0,0,Crown Heights,Brooklyn
3415,4.0,2,1630,6,40.0,89,1,0,0,0,0,0,0,0,Flatbush,Brooklyn
2500,0.0,1,441,2,5.0,5,0,0,0,1,0,0,0,0,Williamsburg,Brooklyn
4650,2.0,2,1295,1,17.0,88,1,0,0,0,0,0,0,0,Downtown Brooklyn,Brooklyn
3340,1.0,1,518,1,8.0,17,1,0,0,0,0,0,0,0,Brooklyn Heights,Brooklyn
1700,2.0,1,900,9,2.0,85,0,0,0,0,0,0,0,0,Dyker Heights,Brooklyn
2450,2.0,1,1100,4,2.0,85,1,0,0,0,0,0,0,0,Bushwick,Brooklyn
2100,2.5,1,1000,5,3.0,85,1,0,0,0,0,0,0,0,Bushwick,Brooklyn
7200,3.0,2,1427,2,5.0,90,1,0,0,0,1,0,0,0,Downtown Brooklyn,Brooklyn
1950,2.0,1,600,8,3.0,92,0,0,0,0,0,0,0,0,Sunset Park,Brooklyn
2300,1.0,1,680,9,3.0,88,1,0,0,0,0,0,0,0,Greenpoint,Brooklyn
3725,1.0,1,661,3,8.0,16,1,0,0,0,0,0,0,0,DUMBO,Brooklyn
3100,1.0,1,950,4,1.0,96,1,0,0,0,0,0,0,0,Downtown Brooklyn,Brooklyn
3300,3.0,1,900,1,4.0,6,1,0,0,0,0,0,0,0,Williamsburg,Brooklyn
2775,2.0,1,900,5,2.0,85,0,1,0,1,1,0,0,1,Greenpoint,Brooklyn
3600,1.0,1,824,2,13.0,89,0,1,1,0,1,0,0,1,Fort Greene,Brooklyn
2500,1.0,1,589,5,3.0,10,0,0,0,0,0,0,0,0,Park Slope,Brooklyn
3600,1.0,1,1000,3,3.0,96,1,0,0,0,0,0,0,0,Williamsburg,Brooklyn
3099,2.0,1,750,3,4.0,8,1,0,0,0,0,0,0,0,Williamsburg,Brooklyn
3995,2.0,1,850,7,4.0,7,1,0,0,0,0,0,0,0,Williamsburg,Brooklyn
2500,1.0,1,780,10,2.0,126,0,0,0,0,0,0,0,0,Clinton Hill,Brooklyn
1900,1.0,1,800,3,4.0,85,0,0,0,0,0,0,0,0,Prospect Lefferts Gardens,Brooklyn
2729,1.0,1,683,3,2.0,0,1,0,0,0,0,0,0,0,Prospect Park South,Brooklyn
2500,1.0,1,800,4,3.0,85,1,0,0,0,0,0,0,0,Bushwick,Brooklyn
2417,2.0,2,850,7,4.0,85,1,0,0,0,0,0,0,0,Bushwick,Brooklyn
6250,2.0,2,1200,2,11.0,5,0,0,1,0,0,1,1,0,Williamsburg,Brooklyn
2550,1.0,1,673,8,4.0,143,1,0,0,0,0,1,0,0,Fort Greene,Brooklyn
1700,1.0,1,650,6,4.0,56,0,0,0,0,0,0,0,0,Bay Ridge,Brooklyn
2195,2.0,1,1225,3,5.0,59,1,0,0,0,0,0,0,0,Gravesend,Brooklyn
3805,1.0,1,706,5,9.0,11,1,0,0,0,0,0,0,0,Downtown Brooklyn,Brooklyn
2750,2.0,1,900,7,1.0,96,1,0,0,0,0,0,0,0,Crown Heights,Brooklyn
4000,3.0,1,800,3,1.0,96,0,0,0,0,0,0,0,0,Park Slope,Brooklyn
3950,2.0,1,929,3,2.0,7,1,0,0,0,0,0,0,0,DUMBO,Brooklyn
2446,2.0,1,1000,8,1.0,88,0,0,0,0,0,0,0,0,Williamsburg,Brooklyn
3800,3.0,1,1300,3,2.0,117,0,0,0,0,0,0,0,0,Park Slope,Brooklyn
2635,0.0,1,503,1,19.0,7,1,0,0,0,0,0,0,0,Downtown Brooklyn,Brooklyn
2600,2.0,1,900,3,3.0,81,0,0,0,0,0,0,0,0,Prospect Park South,Brooklyn
1800,1.0,1,700,5,1.0,87,0,0,0,0,0,0,0,0,Prospect Park South,Brooklyn
1850,1.0,1,700,11,2.0,1,1,0,0,0,0,0,0,0,Bedford-Stuyvesant,Brooklyn
2500,1.0,1,800,5,3.0,106,0,0,0,0,0,0,0,0,Williamsburg,Brooklyn
2900,1.0,1,900,2,2.0,96,1,0,0,0,0,0,0,0,Williamsburg,Brooklyn
3337,1.0,1,677,6,2.0,2,1,0,0,0,0,0,0,0,Williamsburg,Brooklyn
2150,1.0,1,700,11,3.0,106,1,0,0,0,0,0,0,0,Bedford-Stuyvesant,Brooklyn
3000,0.0,1,645,5,5.0,8,0,0,0,1,0,0,0,0,Williamsburg,Brooklyn
4850,2.0,2,1114,6,2.0,2,1,0,0,0,0,0,0,0,Williamsburg,Brooklyn
3295,1.0,1,675,1,15.0,7,1,0,0,0,0,0,0,0,Downtown Brooklyn,Brooklyn
3695,2.0,1,800,3,2.0,2,1,0,0,0,0,0,0,0,Downtown Brooklyn,Brooklyn
2200,1.0,1,713,3,5.0,86,0,0,0,0,0,0,0,0,Crown Heights,Brooklyn
3385,3.0,2,1175,4,2.0,9,1,0,0,0,0,0,0,0,Crown Heights,Brooklyn
4395,2.0,2,1300,3,1.0,79,0,0,0,0,0,1,0,0,Prospect Heights,Brooklyn
4500,2.0,1,1500,4,4.0,85,0,0,0,0,0,0,0,0,Fort Greene,Brooklyn
3000,0.0,1,794,2,3.0,8,0,1,0,1,1,1,0,1,Williamsburg,Brooklyn
4390,2.0,2,870,8,3.0,3,1,0,0,0,0,0,0,0,Williamsburg,Brooklyn
5000,2.0,2,1150,4,4.0,9,0,1,0,1,1,1,0,1,Williamsburg,Brooklyn
2695,1.0,1,645,3,4.0,0,1,0,0,0,0,0,0,0,Prospect Park South,Brooklyn
6100,2.0,2,1104,6,4.0,8,1,0,0,0,0,1,0,0,Williamsburg,Brooklyn
3675,1.0,1,704,3,1.0,116,1,0,0,0,0,0,0,0,DUMBO,Brooklyn
3000,1.0,1,638,8,4.0,10,0,1,0,1,1,1,0,1,Greenpoint,Brooklyn
3600,3.0,1,969,9,3.0,86,0,0,0,0,0,0,0,0,Crown Heights,Brooklyn
2800,1.0,1,1000,13,3.0,86,1,0,0,0,0,0,0,0,Clinton Hill,Brooklyn
2200,1.0,1,500,9,3.0,85,0,0,0,0,0,0,0,0,Park Slope,Brooklyn
2835,0.0,1,615,8,6.0,106,1,0,0,0,0,0,0,0,Williamsburg,Brooklyn
2199,1.5,1,750,4,2.0,88,0,0,0,0,0,0,0,0,Williamsburg,Brooklyn
1750,0.0,1,500,8,1.0,96,0,0,0,0,0,0,0,0,Park Slope,Brooklyn
3795,3.0,1,1150,6,1.0,116,0,1,1,1,1,1,0,1,Cobble Hill,Brooklyn
1425,0.0,1,490,6,1.0,56,1,0,0,0,0,0,0,0,Brighton Beach,Brooklyn
9000,2.0,2,2005,5,4.0,100,0,0,0,1,1,0,0,1,DUMBO,Brooklyn
2200,1.0,1,400,6,2.0,96,0,0,0,0,0,0,0,0,Park Slope,Brooklyn
3600,2.0,2,1000,7,2.0,26,0,0,1,1,0,0,0,0,Windsor Terrace,Brooklyn
2200,1.0,1,800,6,1.0,85,1,0,0,0,0,0,0,0,Williamsburg,Brooklyn
6250,1.0,1,2000,9,4.0,85,0,0,0,0,0,0,0,0,Red Hook,Brooklyn
2600,0.0,1,470,2,2.0,6,1,0,0,0,0,0,0,0,Williamsburg,Brooklyn
3150,1.0,1,775,4,2.0,66,0,0,0,0,0,0,0,0,Williamsburg,Brooklyn
3195,2.0,1,950,8,2.0,15,0,0,0,0,0,0,0,0,Williamsburg,Brooklyn
4314,1.0,1,625,5,3.0,1,1,0,0,0,0,0,0,0,DUMBO,Brooklyn
2800,1.0,1,641,3,4.0,7,0,1,1,1,1,0,0,1,Gowanus,Brooklyn
3750,2.0,2,1100,13,3.0,116,1,0,0,0,0,0,0,0,Cobble Hill,Brooklyn
2910,1.0,1,677,1,10.0,7,1,0,0,0,0,0,0,0,Downtown Brooklyn,Brooklyn
2650,2.0,1,821,7,3.0,15,0,0,0,0,0,0,0,0,Park Slope,Brooklyn
1800,2.0,1,1000,9,3.0,91,0,0,0,0,0,0,0,0,Bay Ridge,Brooklyn
3500,2.0,2,1139,7,11.0,96,1,0,0,0,0,0,0,0,Brighton Beach,Brooklyn
4600,2.0,2,1000,2,2.0,86,0,0,0,0,0,0,0,0,Brooklyn Heights,Brooklyn
4350,3.0,1,950,2,2.0,106,1,0,0,0,0,0,0,0,Williamsburg,Brooklyn
3092,1.0,1,676,9,6.0,4,1,0,0,0,0,0,0,0,Williamsburg,Brooklyn
1938,1.0,1,603,7,5.0,90,1,0,0,0,0,0,0,0,Flatbush,Brooklyn
1995,2.0,1,995,5,6.0,58,1,0,0,0,0,0,0,0,Gravesend,Brooklyn
4500,3.0,2,1600,2,4.0,79,0,0,0,0,0,0,0,0,Windsor Terrace,Brooklyn
5500,2.0,2,1355,2,13.0,89,1,0,0,0,0,0,0,0,Fort Greene,Brooklyn
3450,2.0,1,900,0,2.0,86,0,0,0,0,0,0,0,0,Greenpoint,Brooklyn
3950,1.0,1,775,5,19.0,6,0,1,0,1,1,0,0,1,Williamsburg,Brooklyn
2650,2.0,2,1003,7,6.0,96,1,0,0,0,0,0,0,0,Brighton Beach,Brooklyn
4000,3.0,1,1800,6,1.0,5,0,0,0,0,0,0,0,0,Bedford-Stuyvesant,Brooklyn
2400,0.0,1,475,9,2.0,16,0,0,0,0,0,0,0,0,Park Slope,Brooklyn
3000,1.0,1,750,3,2.0,7,0,1,1,1,1,1,0,1,Williamsburg,Brooklyn
4200,2.0,2,910,3,2.0,12,0,0,0,1,0,0,0,0,Williamsburg,Brooklyn
4000,1.0,1,1085,6,4.0,88,0,0,0,0,0,0,0,0,Brooklyn Heights,Brooklyn
5995,2.0,2,1033,7,12.0,9,0,1,1,1,1,1,0,1,Williamsburg,Brooklyn
4950,2.0,2,1300,3,3.0,13,0,0,0,0,0,0,0,0,Park Slope,Brooklyn
2300,1.0,1,500,6,3.0,146,0,0,0,0,1,0,0,0,Cobble Hill,Brooklyn
3000,0.0,1,511,2,30.0,3,1,0,0,0,0,0,0,0,Fort Greene,Brooklyn
6565,3.0,2,1207,1,27.0,17,1,0,0,0,0,0,0,0,Brooklyn Heights,Brooklyn
3100,2.0,1,850,0,7.0,70,0,1,0,1,1,1,1,1,Clinton Hill,Brooklyn
3333,0.0,1,1025,8,1.0,106,1,0,0,0,0,0,0,0,Williamsburg,Brooklyn
5250,3.0,2,1570,2,7.0,10,1,0,0,0,0,0,0,0,Carroll Gardens,Brooklyn
2650,2.0,1,1000,8,2.0,88,0,0,0,0,0,0,0,0,Williamsburg,Brooklyn
12000,3.0,2,2571,6,2.0,88,0,0,0,1,1,0,0,0,Brooklyn Heights,Brooklyn
10000,3.0,2,1854,6,4.0,8,0,0,0,0,0,0,0,0,Carroll Gardens,Brooklyn
2200,1.0,1,750,5,2.0,96,0,0,0,0,0,0,0,0,Park Slope,Brooklyn
2625,0.0,1,515,4,34.0,7,1,0,0,0,0,0,0,0,Downtown Brooklyn,Brooklyn
1550,1.0,1,900,10,1.0,85,0,0,0,0,0,0,0,0,Sheepshead Bay,Brooklyn
2700,1.0,1,900,2,2.0,96,0,0,0,0,0,0,0,0,Park Slope,Brooklyn
2500,1.0,1,665,5,4.0,86,0,0,0,0,0,0,0,0,Clinton Hill,Brooklyn
4750,4.0,2,964,6,4.0,112,0,0,0,0,0,0,0,0,Park Slope,Brooklyn
2150,0.0,1,420,5,6.0,96,0,0,0,0,0,0,0,0,Downtown Brooklyn,Brooklyn
2700,2.0,1,750,3,2.0,88,0,0,0,0,0,0,0,0,Williamsburg,Brooklyn
3875,1.0,1,784,6,3.0,8,1,0,0,0,0,0,0,0,Williamsburg,Brooklyn
2100,2.0,1,1000,0,1.0,115,1,0,0,0,0,0,0,0,Bushwick,Brooklyn
4400,2.0,2,1100,7,3.0,2,1,0,0,0,0,0,0,0,Williamsburg,Brooklyn
2800,1.0,1,700,7,1.0,101,0,0,0,0,0,0,0,0,Carroll Gardens,Brooklyn
2650,1.0,1,1000,5,2.0,91,0,0,0,0,0,0,0,0,Prospect Heights,Brooklyn
2300,1.0,1,650,2,1.0,96,0,0,0,0,0,0,0,0,Williamsburg,Brooklyn
3630,1.0,1,667,1,34.0,7,1,0,0,0,0,0,0,0,Downtown Brooklyn,Brooklyn
4416,3.0,1,900,9,4.0,96,1,0,0,0,0,0,0,0,Greenpoint,Brooklyn
2000,2.0,1,1000,6,3.0,85,0,0,0,0,0,0,0,0,Bedford-Stuyvesant,Brooklyn
2275,1.0,1,500,8,4.0,96,1,0,0,0,0,0,0,0,Park Slope,Brooklyn
2999,2.0,1,750,3,2.0,106,0,0,0,0,0,0,0,0,Williamsburg,Brooklyn
2975,3.0,1,723,4,2.0,85,1,0,0,0,0,0,0,0,Gowanus,Brooklyn
2854,1.0,1,605,7,5.0,2,0,0,0,0,0,0,0,0,Williamsburg,Brooklyn
2700,0.0,1,908,6,1.0,101,1,0,0,0,0,0,0,0,Greenpoint,Brooklyn
3750,1.0,1,696,2,15.0,3,1,0,0,0,0,0,0,0,Fort Greene,Brooklyn
3800,1.0,1,1100,4,4.0,96,0,0,0,0,0,0,0,0,DUMBO,Brooklyn
3600,3.0,1,1000,2,2.0,86,1,0,0,0,0,0,0,0,Prospect Heights,Brooklyn
4400,1.0,1,725,4,2.0,9,0,0,0,1,1,1,0,1,Williamsburg,Brooklyn
3400,1.0,1,753,1,5.0,10,1,0,0,0,0,1,0,0,DUMBO,Brooklyn
3200,1.5,1,1000,2,2.0,85,0,0,0,0,0,0,0,0,Greenpoint,Brooklyn
3400,1.0,1,739,2,4.0,2,0,0,0,0,0,0,0,0,Williamsburg,Brooklyn
2650,0.5,1,490,5,23.0,8,0,0,0,0,1,0,0,0,Williamsburg,Brooklyn
4350,3.0,1,950,2,2.0,106,1,0,0,0,0,0,0,0,Williamsburg,Brooklyn
6995,3.0,3,1467,1,4.0,4,1,0,1,0,0,0,0,0,Williamsburg,Brooklyn
8900,3.0,2,1709,6,3.0,88,1,0,0,0,0,0,1,1,Brooklyn Heights,Brooklyn
3200,1.0,1,750,1,2.0,115,1,0,0,0,0,0,0,0,Williamsburg,Brooklyn
2500,1.5,1,800,9,4.0,116,0,0,0,0,0,0,0,0,Boerum Hill,Brooklyn
1800,0.0,1,350,6,1.0,11,0,0,0,0,0,0,0,0,Greenpoint,Brooklyn
1600,0.0,1,600,4,5.0,59,0,0,0,0,0,0,0,0,Bay Ridge,Brooklyn
4100,1.0,2,723,5,4.0,86,1,0,0,0,0,0,0,0,DUMBO,Brooklyn
1800,1.0,1,900,6,1.0,56,0,0,0,0,0,0,0,0,Bay Ridge,Brooklyn
2899,2.0,1,750,4,4.0,9,0,0,0,0,0,0,0,0,Williamsburg,Brooklyn
2400,2.0,1,800,6,2.0,86,0,0,0,0,0,0,0,0,Greenpoint,Brooklyn
1900,0.0,1,453,5,2.0,6,0,0,0,0,0,0,0,0,Bedford-Stuyvesant,Brooklyn
3475,1.5,1,1275,3,2.0,115,1,0,0,0,0,0,0,0,Bedford-Stuyvesant,Brooklyn
4600,2.0,2,1034,5,6.0,8,0,0,0,0,0,0,0,0,Williamsburg,Brooklyn
3000,3.0,1,900,2,1.0,85,1,0,0,0,0,0,0,0,Prospect Lefferts Gardens,Brooklyn
2750,1.0,1,550,2,2.0,11,1,0,0,1,0,0,0,0,Bushwick,Brooklyn
2700,2.0,1,800,7,11.0,96,0,0,0,0,0,0,0,0,Williamsburg,Brooklyn
2200,2.0,1,900,5,3.0,10,0,0,0,0,0,0,0,0,Midwood,Brooklyn
4899,4.0,3,1500,6,2.0,88,0,0,0,0,0,0,0,0,Greenpoint,Brooklyn
3200,1.0,1,700,4,4.0,2,1,0,0,0,0,0,0,0,Williamsburg,Brooklyn
3300,1.0,1,733,2,11.0,90,0,0,0,0,1,0,0,0,Downtown Brooklyn,Brooklyn
5300,2.0,2,1400,3,9.0,114,0,0,1,0,0,0,0,0,Prospect Heights,Brooklyn
3150,1.5,1,1000,8,3.0,9,0,0,0,0,1,0,0,0,Williamsburg,Brooklyn
5630,2.0,2,974,6,6.0,2,1,0,0,0,0,0,0,0,Williamsburg,Brooklyn
4349,3.5,3,1900,5,1.0,85,1,0,0,0,0,0,0,0,Bedford-Stuyvesant,Brooklyn
1750,1.5,1,1000,2,2.0,85,0,0,0,0,0,0,0,0,Bushwick,Brooklyn
4500,3.0,2,1000,2,3.0,106,1,0,0,0,0,0,0,0,Williamsburg,Brooklyn
2734,0.0,1,515,6,5.0,2,1,0,0,0,0,0,0,0,Williamsburg,Brooklyn
2000,1.0,1,525,3,4.0,116,0,0,0,0,0,0,0,0,Cobble Hill,Brooklyn
2500,1.0,1,706,1,3.0,9,1,0,0,0,0,0,1,0,Bedford-Stuyvesant,Brooklyn
2550,1.0,1,450,9,7.0,86,0,0,0,0,0,0,0,0,Greenpoint,Brooklyn
2850,1.0,1,620,5,4.0,8,0,0,0,0,0,0,0,0,Williamsburg,Brooklyn
3570,0.0,1,876,3,4.0,7,1,0,0,0,0,0,0,0,Williamsburg,Brooklyn
2875,3.0,1,1550,8,2.0,86,1,0,0,0,0,0,0,0,Bay Ridge,Brooklyn
3256,1.0,1,669,4,35.0,7,1,0,0,0,0,0,0,0,Downtown Brooklyn,Brooklyn
3025,1.0,1,655,7,5.0,2,0,0,0,0,0,0,0,0,Williamsburg,Brooklyn
2699,2.0,1,800,3,3.0,85,1,0,0,0,0,0,0,0,Williamsburg,Brooklyn
1550,1.0,1,682,4,1.0,96,1,0,0,0,0,0,0,0,Crown Heights,Brooklyn
1975,1.0,0,500,5,2.0,106,0,0,0,0,0,0,0,0,Carroll Gardens,Brooklyn
1650,1.0,1,650,7,19.0,92,0,0,0,0,0,0,0,0,Brownsville,Brooklyn
1800,1.0,1,700,3,2.0,115,1,0,0,0,0,0,0,0,Bedford-Stuyvesant,Brooklyn
2500,2.0,1,1000,4,2.0,85,1,0,0,0,0,0,0,0,Bushwick,Brooklyn
4100,2.0,1,988,3,3.0,7,1,1,0,1,1,0,0,1,DUMBO,Brooklyn
4620,2.0,2,876,3,7.0,7,1,0,0,0,0,0,0,0,Williamsburg,Brooklyn
3250,4.0,1,1400,9,2.0,106,1,1,1,1,1,1,1,1,Bedford-Stuyvesant,Brooklyn
2200,1.0,1,800,6,2.0,85,1,0,0,0,0,0,0,0,Williamsburg,Brooklyn
3800,2.0,1,1700,5,1.0,8,1,0,0,0,0,0,0,0,Greenpoint,Brooklyn
3680,1.0,1,675,1,39.0,7,1,0,0,0,0,0,0,0,Downtown Brooklyn,Brooklyn
2965,2.0,2,868,4,3.0,8,0,0,0,0,0,0,0,0,Greenwood,Brooklyn
2600,3.0,2,900,8,2.0,85,1,0,0,0,0,0,0,0,Bushwick,Brooklyn
2750,1.0,1,550,9,7.0,86,0,0,0,0,0,0,0,0,Greenpoint,Brooklyn
1800,0.0,1,500,7,6.0,96,1,0,0,0,0,0,0,0,Brighton Beach,Brooklyn
1475,1.0,1,675,7,10.0,92,0,0,0,0,0,0,0,0,Crown Heights,Brooklyn
2400,2.0,1,900,5,3.0,88,1,0,0,0,0,0,0,0,Greenpoint,Brooklyn
3325,1.0,1,683,3,3.0,7,1,0,0,0,1,0,0,0,Williamsburg,Brooklyn
2300,2.0,1,800,1,1.0,86,0,0,0,0,0,0,0,0,Clinton Hill,Brooklyn
2856,0.0,1,615,8,2.0,106,1,0,0,0,0,0,0,0,Williamsburg,Brooklyn
2840,1.0,1,561,1,10.0,5,1,0,0,0,0,0,0,0,Downtown Brooklyn,Brooklyn
3199,0.0,1,710,3,3.0,85,1,0,0,0,0,0,0,0,Williamsburg,Brooklyn
3400,1.0,1,684,6,1.0,6,1,1,0,0,1,0,0,1,Williamsburg,Brooklyn
2999,2.0,1,750,3,2.0,8,1,0,0,0,0,0,0,0,Williamsburg,Brooklyn
2769,2.0,1,900,4,1.0,86,1,0,0,0,0,0,0,0,Williamsburg,Brooklyn
3500,1.0,1,675,1,38.0,7,1,0,0,0,0,0,0,0,Downtown Brooklyn,Brooklyn
4190,2.0,1,800,7,2.0,7,1,0,0,0,0,0,0,0,Williamsburg,Brooklyn
2999,2.0,1,1000,6,4.0,11,0,0,0,0,0,0,0,0,Greenpoint,Brooklyn
2200,2.0,1,900,3,4.0,85,1,0,0,0,0,0,0,0,Williamsburg,Brooklyn
2750,1.0,1,675,3,3.0,85,0,0,0,0,0,0,0,0,Greenpoint,Brooklyn
3600,3.0,1,800,7,3.0,85,1,0,0,0,0,0,0,0,Bushwick,Brooklyn
1900,1.0,1,625,4,3.0,88,0,1,1,1,1,0,1,1,Williamsburg,Brooklyn
1750,1.0,1,874,5,5.0,55,0,1,1,1,1,1,0,1,Ocean Parkway,Brooklyn
2100,2.0,1,1082,1,4.0,58,1,0,0,0,0,0,0,0,Sheepshead Bay,Brooklyn
4100,2.0,1,900,2,68.0,8,0,0,0,0,1,0,0,0,Williamsburg,Brooklyn
6320,3.0,3,1450,6,30.0,7,0,0,1,0,0,1,0,0,Downtown Brooklyn,Brooklyn
3390,2.0,1,1500,3,1.0,106,1,0,0,0,0,0,0,0,Crown Heights,Brooklyn
2300,3.0,1,850,7,1.0,92,0,0,0,0,0,0,0,0,Bay Ridge,Brooklyn
2125,2.0,1,1140,6,6.0,57,1,0,0,0,0,0,0,0,Brighton Beach,Brooklyn
3784,2.0,1,900,2,68.0,8,0,0,0,0,0,0,0,0,Williamsburg,Brooklyn
6500,2.0,2,1336,3,7.0,7,1,0,0,0,0,0,0,0,DUMBO,Brooklyn
2000,2.0,1,850,1,2.0,85,0,0,0,0,0,0,0,0,Kensington,Brooklyn
2400,1.0,1,746,2,1.0,86,0,0,0,0,0,0,0,0,Clinton Hill,Brooklyn
5039,2.0,2,1071,7,7.0,2,1,0,0,0,0,0,0,0,Williamsburg,Brooklyn
3515,1.0,1,683,3,4.0,7,1,0,0,0,0,0,0,0,Williamsburg,Brooklyn
3100,1.0,1,1000,5,1.0,8,1,0,0,0,0,0,0,0,Williamsburg,Brooklyn
4350,3.0,1,1100,2,2.0,106,1,0,0,0,0,0,0,0,Williamsburg,Brooklyn
5405,1.0,1,666,5,7.0,86,1,0,0,0,0,0,0,0,DUMBO,Brooklyn
3195,1.5,2,900,4,3.0,96,1,0,0,0,0,0,0,0,Downtown Brooklyn,Brooklyn
4700,1.0,1,700,1,2.0,1,1,0,0,0,0,0,0,0,Brooklyn Heights,Brooklyn
2995,2.0,1,850,2,2.0,11,1,0,0,1,0,0,0,0,Bushwick,Brooklyn
2350,1.0,1,650,4,1.0,14,0,0,1,1,1,1,0,1,DUMBO,Brooklyn
4095,2.0,1,900,2,68.0,8,0,0,0,0,0,0,0,0,Williamsburg,Brooklyn
4350,3.0,1,1100,2,2.0,106,1,0,0,0,0,0,0,0,Williamsburg,Brooklyn
3500,1.0,1,731,1,3.0,96,1,0,1,0,0,0,0,0,Williamsburg,Brooklyn
5100,3.0,2,1300,3,3.0,96,1,0,0,0,0,0,0,0,Williamsburg,Brooklyn
2650,0.0,1,444,3,2.0,16,1,0,0,0,0,0,0,0,DUMBO,Brooklyn
1575,1.0,1,775,2,2.0,27,1,0,1,1,1,0,0,1,Coney Island,Brooklyn
1800,1.0,1,700,3,3.0,112,0,0,0,0,0,0,0,0,Sunset Park,Brooklyn
4583,4.0,2,1000,6,4.0,96,1,0,0,0,0,0,0,0,Williamsburg,Brooklyn
5800,2.0,2,1372,6,9.0,10,0,0,0,0,0,0,0,0,Downtown Brooklyn,Brooklyn
2149,1.0,1,825,5,16.0,52,1,0,0,0,0,0,0,0,Coney Island,Brooklyn
1800,1.0,1,850,9,1.0,55,0,0,0,1,0,0,0,0,Kensington,Brooklyn
5200,3.0,2,1400,1,4.0,96,0,0,0,0,0,0,0,0,Park Slope,Brooklyn
2475,0.0,1,402,1,30.0,7,1,0,0,0,0,0,0,0,Downtown Brooklyn,Brooklyn
2999,0.0,1,820,3,4.0,85,1,0,0,0,0,0,0,0,Williamsburg,Brooklyn
1800,1.0,1,650,5,1.0,91,1,0,0,0,0,0,0,0,Crown Heights,Brooklyn
2875,0.0,1,648,8,1.0,3,1,0,0,0,0,0,0,0,Williamsburg,Brooklyn
4100,2.5,2,1650,8,7.0,117,0,0,0,0,0,0,0,0,Greenpoint,Brooklyn
1825,1.0,1,806,8,2.0,86,1,0,0,0,0,0,0,0,Bay Ridge,Brooklyn
3150,2.0,2,1300,10,5.0,1,0,0,0,0,0,0,0,0,Manhattan Beach,Brooklyn
6250,3.0,3,1900,2,2.0,86,0,0,0,0,0,0,0,0,Clinton Hill,Brooklyn
3485,2.0,1,1200,8,1.0,11,1,0,0,0,0,0,0,0,Crown Heights,Brooklyn
2300,1.0,1,500,11,3.0,96,0,0,0,0,0,0,0,0,Red Hook,Brooklyn
3100,1.0,1,722,2,12.0,89,0,1,1,1,1,1,0,1,Fort Greene,Brooklyn
3025,2.0,1,800,2,2.0,86,1,0,0,0,0,0,0,0,Williamsburg,Brooklyn
2200,0.0,1,444,1,12.0,9,0,1,1,0,1,1,0,0,Downtown Brooklyn,Brooklyn
4033,2.0,2,830,2,5.0,5,0,0,1,0,0,0,0,0,Williamsburg,Brooklyn
1500,0.0,1,300,3,6.0,90,0,0,0,1,1,0,0,0,Crown Heights,Brooklyn
3595,1.0,1,675,1,6.0,106,1,0,0,0,0,0,0,0,Brooklyn Heights,Brooklyn
2300,2.0,1,650,3,2.0,106,1,0,0,0,0,0,0,0,Greenwood,Brooklyn
3210,1.0,1,646,2,6.0,5,0,0,0,0,0,1,0,0,Williamsburg,Brooklyn
4200,4.0,1,1850,5,2.0,85,0,0,0,0,0,0,0,0,Fort Greene,Brooklyn
3999,2.0,2,1200,1,21.0,3,1,0,0,0,0,0,0,0,Downtown Brooklyn,Brooklyn
1650,1.0,1,713,11,3.0,55,1,0,0,0,0,0,0,0,Sheepshead Bay,Brooklyn
3671,0.0,1,569,5,5.0,1,1,0,0,0,0,0,0,0,DUMBO,Brooklyn
2125,2.0,1,1157,7,7.0,56,1,0,0,0,0,0,0,0,Brighton Beach,Brooklyn
2625,0.0,1,472,6,4.0,2,1,0,0,0,0,0,0,0,Williamsburg,Brooklyn
2200,2.0,1,800,4,3.0,101,0,0,0,0,0,0,0,0,Bedford-Stuyvesant,Brooklyn
1675,2.0,1,900,14,7.0,50,0,0,0,0,0,0,0,0,East Flatbush,Brooklyn
2000,2.0,1,1139,7,5.0,56,1,0,0,0,0,0,0,0,Brighton Beach,Brooklyn
2450,0.0,1,441,2,2.0,5,0,0,0,1,0,0,0,0,Williamsburg,Brooklyn
2000,2.0,1,800,2,3.0,91,0,0,0,0,0,0,0,0,East Flatbush,Brooklyn
4245,1.0,1,762,4,2.0,106,1,0,0,0,0,0,0,0,Williamsburg,Brooklyn
3350,3.0,1,1000,3,2.0,85,1,0,0,0,0,0,0,0,Williamsburg,Brooklyn
2550,1.5,1,800,8,4.0,95,0,0,0,0,0,0,0,0,Park Slope,Brooklyn
1450,0.0,1,450,4,4.0,85,0,0,0,0,1,0,0,0,Kensington,Brooklyn
3000,2.0,2,950,7,5.0,7,0,1,1,1,1,1,0,1,Bedford-Stuyvesant,Brooklyn
1971,1.0,1,845,2,16.0,52,1,0,0,0,0,0,0,0,Coney Island,Brooklyn
3434,3.0,2,1175,4,2.0,9,1,0,0,0,0,0,0,0,Crown Heights,Brooklyn
3500,2.0,2,950,5,4.0,8,1,0,0,0,0,0,0,0,Williamsburg,Brooklyn
4200,2.0,2,1126,3,4.0,2,0,0,0,0,0,0,0,0,Williamsburg,Brooklyn
2650,1.0,1,634,8,4.0,143,1,0,0,0,0,0,0,0,Fort Greene,Brooklyn
2500,2.0,2,1150,6,4.0,3,0,0,0,0,0,0,0,0,Coney Island,Brooklyn
5250,2.0,2,1135,7,7.0,2,0,0,0,0,0,0,0,0,Williamsburg,Brooklyn
12000,3.0,2,2093,1,52.0,3,0,0,0,0,0,0,0,0,Downtown Brooklyn,Brooklyn
2350,3.0,1,1200,3,2.0,111,0,0,0,0,0,0,0,0,Prospect Lefferts Gardens,Brooklyn
2550,1.0,1,650,4,3.0,11,0,1,1,1,1,1,0,1,Clinton Hill,Brooklyn
3490,1.0,1,578,1,26.0,17,1,0,0,0,0,0,0,0,Brooklyn Heights,Brooklyn
2891,1.0,1,665,7,3.0,2,0,0,0,0,0,0,0,0,Williamsburg,Brooklyn
2685,1.0,1,800,3,2.0,85,1,0,0,0,0,0,0,0,Williamsburg,Brooklyn
4200,3.0,2,1000,2,3.0,10,1,0,0,0,0,0,0,0,Williamsburg,Brooklyn
2000,3.0,2,1200,13,7.0,50,0,0,0,0,0,0,0,0,East Flatbush,Brooklyn
4500,2.0,2,1000,8,2.0,117,0,0,0,0,0,0,0,0,Columbia St Waterfront District,Brooklyn
2950,2.0,2,870,8,1.0,12,0,0,0,0,0,0,0,0,Greenwood,Brooklyn
4354,1.0,1,924,3,7.0,7,1,1,0,1,1,0,1,1,DUMBO,Brooklyn
3300,1.0,1,735,8,1.0,3,1,0,0,0,0,0,0,0,Williamsburg,Brooklyn
3695,1.0,1,813,5,8.0,6,0,0,0,0,0,0,0,1,Williamsburg,Brooklyn
5195,3.0,1,950,5,3.0,89,1,0,0,0,0,0,0,0,Williamsburg,Brooklyn
3595,1.0,1,706,1,30.0,17,1,0,0,0,0,0,0,0,Brooklyn Heights,Brooklyn
3200,1.0,1,815,6,6.0,88,0,0,0,0,0,0,0,0,Brooklyn Heights,Brooklyn
2995,2.0,1,850,2,2.0,11,1,0,0,0,0,1,0,0,Bushwick,Brooklyn
2850,1.0,1,800,2,4.0,86,0,0,0,0,0,0,0,0,Prospect Heights,Brooklyn
2075,2.0,1,1146,11,2.0,55,1,0,0,0,0,0,0,0,Sheepshead Bay,Brooklyn
1725,1.0,1,650,2,3.0,88,1,0,0,0,0,0,0,0,Ocean Parkway,Brooklyn
2200,1.0,1,400,6,4.0,96,0,0,0,0,0,0,0,0,Park Slope,Brooklyn
1550,1.0,1,725,2,2.0,92,0,0,0,0,0,0,0,0,Sheepshead Bay,Brooklyn
2750,1.0,1,650,4,4.0,96,1,0,0,0,0,0,0,0,DUMBO,Brooklyn
2500,1.0,1,1000,2,1.0,96,0,0,0,0,0,0,0,0,Carroll Gardens,Brooklyn
4050,1.0,1,805,3,2.0,116,1,0,0,0,0,0,0,0,DUMBO,Brooklyn
3200,2.0,1,1000,5,3.0,58,0,0,0,0,0,0,0,0,Downtown Brooklyn,Brooklyn
2800,3.0,1,1000,1,2.0,85,1,0,0,0,0,0,0,0,Williamsburg,Brooklyn
2495,2.0,1,900,5,7.0,57,0,0,0,0,0,0,0,0,Brighton Beach,Brooklyn
2665,0.0,1,503,1,33.0,7,1,0,0,0,0,0,0,0,Downtown Brooklyn,Brooklyn
4500,5.0,2,1600,6,1.0,85,1,0,0,0,0,0,0,0,Bushwick,Brooklyn
3825,2.0,1,822,1,18.0,5,1,0,0,0,0,0,0,0,Downtown Brooklyn,Brooklyn
3400,1.0,1,717,8,4.0,3,1,0,0,0,0,0,0,0,Williamsburg,Brooklyn
2745,1.0,1,750,10,7.0,3,1,0,0,0,0,0,0,0,Clinton Hill,Brooklyn
9495,2.0,2,2000,1,22.0,10,0,0,1,1,1,0,0,0,DUMBO,Brooklyn
2550,1.0,1,700,9,2.0,96,0,0,0,0,0,0,0,0,Carroll Gardens,Brooklyn
2395,3.0,1,950,4,3.0,109,1,0,0,0,0,0,0,0,Bushwick,Brooklyn
2300,0.0,1,500,13,2.0,116,1,0,0,0,0,0,0,0,Cobble Hill,Brooklyn
4750,2.0,1,1200,2,1.0,10,0,0,0,0,1,0,0,0,Carroll Gardens,Brooklyn
2500,3.0,1,1200,3,4.0,106,1,0,0,0,0,0,0,0,Bedford-Stuyvesant,Brooklyn
3525,3.0,2,1800,11,1.0,117,0,0,0,0,0,0,0,0,Bedford-Stuyvesant,Brooklyn
2600,0.0,1,492,2,2.0,5,0,0,0,0,0,0,0,0,Williamsburg,Brooklyn
3400,2.0,1,800,8,4.0,15,0,0,1,0,1,1,0,0,Williamsburg,Brooklyn
2215,0.0,1,550,7,8.0,6,0,1,1,1,1,1,0,1,Downtown Brooklyn,Brooklyn
5100,3.0,1,1350,4,5.0,90,0,0,0,0,0,0,0,0,Brooklyn Heights,Brooklyn
3300,3.0,1,975,7,3.0,116,0,0,0,0,0,0,0,0,Carroll Gardens,Brooklyn
2800,1.5,1,800,4,4.0,96,0,0,0,0,0,0,0,0,Park Slope,Brooklyn
5210,2.0,1,888,5,5.0,114,1,0,0,0,0,0,0,0,DUMBO,Brooklyn
2300,1.0,1,450,6,4.0,96,0,0,0,0,0,0,0,0,Park Slope,Brooklyn
2600,2.0,2,1100,3,7.0,91,0,0,0,0,0,0,0,0,Sheepshead Bay,Brooklyn
4750,2.0,2,1327,4,9.0,86,0,0,0,0,0,0,0,0,Bedford-Stuyvesant,Brooklyn
4303,2.0,1,797,7,7.0,2,0,0,0,0,0,0,0,0,Williamsburg,Brooklyn
5300,2.0,1,1175,4,4.0,112,0,0,0,0,0,0,0,0,DUMBO,Brooklyn
2050,2.0,1,785,6,3.0,85,0,0,0,0,0,0,0,0,Bedford-Stuyvesant,Brooklyn
4995,1.0,1,1293,5,6.0,100,0,1,0,0,0,1,0,0,DUMBO,Brooklyn
2350,1.0,1,800,3,4.0,0,1,0,0,0,0,0,0,0,Prospect Lefferts Gardens,Brooklyn
3450,1.0,1,800,6,6.0,88,0,0,1,1,1,1,0,1,Brooklyn Heights,Brooklyn
4250,2.0,2,985,6,2.0,11,0,1,1,1,1,0,0,1,Williamsburg,Brooklyn
2400,2.0,2,750,4,3.0,96,1,0,0,0,0,0,0,0,Bedford-Stuyvesant,Brooklyn
2735,0.0,1,503,1,26.0,7,1,0,0,0,0,0,0,0,Downtown Brooklyn,Brooklyn
2500,0.0,1,525,7,2.0,66,1,0,0,0,0,0,0,0,Crown Heights,Brooklyn
2750,2.0,1,875,4,2.0,3,1,0,0,0,0,0,0,0,Williamsburg,Brooklyn
3200,2.0,1,1000,6,2.0,117,0,0,0,0,0,0,0,0,Park Slope,Brooklyn
4075,2.0,1,1037,3,2.0,7,1,1,1,1,1,1,0,1,DUMBO,Brooklyn
2150,1.0,1,650,2,3.0,85,1,0,0,0,0,0,0,0,Crown Heights,Brooklyn
6500,3.0,2,1398,5,21.0,6,1,1,0,1,1,1,0,1,Williamsburg,Brooklyn
3100,1.0,1,722,2,11.0,89,0,0,1,0,1,1,0,0,Fort Greene,Brooklyn
2995,2.0,1,850,2,2.0,11,1,0,0,0,0,1,0,0,Bushwick,Brooklyn
2350,2.0,1,750,2,3.0,86,0,0,0,0,0,0,0,0,Williamsburg,Brooklyn
3450,0.0,1,875,3,3.0,7,1,1,0,1,1,0,0,1,Williamsburg,Brooklyn
4400,2.0,1,1200,3,7.0,2,0,0,0,0,0,0,0,0,Williamsburg,Brooklyn
2250,2.0,2,1138,3,2.0,88,1,0,0,0,0,0,0,0,Gravesend,Brooklyn
2800,2.0,0,775,3,2.0,88,0,0,0,0,0,0,0,0,Williamsburg,Brooklyn
3299,0.0,1,710,3,4.0,85,1,0,0,0,0,0,0,0,Williamsburg,Brooklyn
4800,2.0,2,1337,6,27.0,11,0,1,0,1,1,1,0,0,Downtown Brooklyn,Brooklyn
2250,2.0,1,605,8,5.0,7,0,1,0,1,1,1,0,1,Crown Heights,Brooklyn
3300,2.0,1,753,3,4.0,2,0,0,0,0,0,0,0,0,Williamsburg,Brooklyn
3400,2.0,1,800,5,1.0,117,0,0,0,0,0,0,0,0,Fort Greene,Brooklyn
2100,1.0,1,650,1,3.0,85,0,0,0,0,0,0,0,0,Greenpoint,Brooklyn
3349,2.5,1,1000,3,1.0,106,1,0,0,0,0,0,0,0,Crown Heights,Brooklyn
3900,2.0,2,900,3,2.0,116,1,0,0,0,0,0,0,0,Boerum Hill,Brooklyn
2800,3.0,1,1200,8,4.0,62,0,0,0,0,0,0,0,0,Greenpoint,Brooklyn
3650,3.0,1,1500,3,2.0,110,0,0,0,0,0,0,0,0,Prospect Heights,Brooklyn
2891,1.0,1,665,7,3.0,2,0,0,0,0,0,0,0,0,Williamsburg,Brooklyn
3500,2.0,2,900,5,4.0,8,1,0,0,0,0,0,0,0,Williamsburg,Brooklyn
4200,2.0,2,1128,3,4.0,2,0,0,0,0,0,0,0,0,Williamsburg,Brooklyn
2815,0.0,1,505,1,46.0,7,1,0,0,0,0,0,0,0,Downtown Brooklyn,Brooklyn
3896,2.0,1,841,7,7.0,2,0,0,0,0,0,0,0,0,Williamsburg,Brooklyn
2800,2.0,1,900,8,2.0,88,0,0,0,0,0,0,0,0,Williamsburg,Brooklyn
2750,3.0,2,1500,7,3.0,11,0,0,0,0,0,0,0,0,Bedford-Stuyvesant,Brooklyn
2900,1.0,1,662,1,22.0,9,0,0,1,1,0,1,1,1,Downtown Brooklyn,Brooklyn
4100,2.5,2,1400,8,7.0,117,0,0,0,0,0,0,0,0,Greenpoint,Brooklyn
2995,2.0,1,850,2,2.0,11,1,0,0,1,0,0,0,0,Bushwick,Brooklyn
1650,1.5,1,750,7,2.0,88,0,0,0,0,0,0,0,0,Red Hook,Brooklyn
3495,1.0,1,675,1,41.0,7,1,0,0,0,0,0,0,0,Downtown Brooklyn,Brooklyn
3950,2.0,2,986,2,21.0,6,0,1,0,1,1,1,0,1,Fort Greene,Brooklyn
4000,3.0,1,1000,2,3.0,86,1,0,0,0,0,0,0,0,Prospect Heights,Brooklyn
4995,2.0,2,1029,3,3.0,7,1,0,1,0,1,0,0,0,Williamsburg,Brooklyn
3175,1.0,1,618,1,34.0,7,1,0,0,0,0,0,0,0,Downtown Brooklyn,Brooklyn
3414,0.0,1,492,5,3.0,1,1,0,0,0,0,0,0,0,DUMBO,Brooklyn
3500,2.0,1,850,2,1.0,106,1,0,0,0,0,0,0,0,Williamsburg,Brooklyn
4250,2.0,1,1000,4,1.0,85,1,0,0,0,0,0,0,0,Williamsburg,Brooklyn
2000,1.0,1,650,3,3.0,85,0,0,0,0,0,0,0,0,Bushwick,Brooklyn
2850,3.0,2,1500,7,3.0,11,1,0,0,0,0,0,0,0,Bedford-Stuyvesant,Brooklyn
2800,1.0,1,850,6,3.0,5,1,0,0,0,0,0,0,0,Williamsburg,Brooklyn
3000,1.0,1,709,6,17.0,11,0,0,0,0,0,0,0,0,Downtown Brooklyn,Brooklyn
1800,1.0,1,650,5,2.0,96,0,0,0,0,0,0,0,0,Windsor Terrace,Brooklyn
2800,1.0,1,637,3,3.0,6,1,0,0,1,1,0,0,1,DUMBO,Brooklyn
2675,0.0,1,700,1,3.0,106,1,0,0,0,0,0,0,0,Williamsburg,Brooklyn
3100,1.0,1,950,2,1.0,7,1,0,0,0,0,0,0,0,Greenpoint,Brooklyn
3000,2.0,1,800,6,5.0,111,1,0,0,0,0,0,0,0,Greenpoint,Brooklyn
2300,0.0,1,510,13,2.0,116,1,0,0,0,0,0,0,0,Cobble Hill,Brooklyn
2995,1.0,1,557,1,4.0,10,0,1,0,0,0,0,0,0,DUMBO,Brooklyn
3758,2.0,1,875,8,4.0,4,1,0,0,0,0,0,0,0,Williamsburg,Brooklyn
9000,2.0,4,3000,3,5.0,106,0,0,1,1,1,1,0,1,Williamsburg,Brooklyn
2600,1.0,1,710,5,3.0,96,0,0,0,0,0,0,0,0,Park Slope,Brooklyn
2850,0.0,1,602,5,8.0,6,0,0,0,0,0,0,0,0,Williamsburg,Brooklyn
3100,1.0,1,750,2,3.0,52,0,0,1,0,0,1,0,0,Brooklyn Heights,Brooklyn
4350,3.0,1,1100,2,2.0,106,1,0,0,0,0,0,0,0,Williamsburg,Brooklyn
5250,2.0,2,1135,7,7.0,2,0,0,0,0,0,0,0,0,Williamsburg,Brooklyn
2580,0.0,1,473,5,4.0,11,1,0,0,0,0,0,0,0,Downtown Brooklyn,Brooklyn
1675,1.0,1,753,5,2.0,58,1,0,0,0,0,0,0,0,Gravesend,Brooklyn
2600,1.0,1,582,4,3.0,12,0,1,0,1,1,0,0,1,Park Slope,Brooklyn
3450,1.0,1,683,3,3.0,7,1,0,1,0,0,1,0,0,Williamsburg,Brooklyn
2995,2.0,1,850,2,2.0,11,1,0,0,0,0,1,0,0,Bushwick,Brooklyn
4024,1.0,1,836,6,2.0,106,1,0,0,0,0,0,0,0,DUMBO,Brooklyn
4100,1.0,1,806,4,7.0,6,0,1,0,0,1,0,0,0,DUMBO,Brooklyn
2850,2.0,1,750,4,1.0,116,0,0,0,0,0,0,0,0,Gowanus,Brooklyn
4400,2.0,1,878,6,3.0,8,1,0,0,0,1,0,0,0,Williamsburg,Brooklyn
3400,2.0,1,800,8,2.0,15,0,0,0,0,0,0,0,0,Williamsburg,Brooklyn
2850,2.0,1,900,6,1.0,85,0,0,0,0,1,0,0,0,Park Slope,Brooklyn
5995,2.0,2,1153,1,44.0,3,0,0,0,0,0,0,0,0,Downtown Brooklyn,Brooklyn
5262,2.0,2,1188,8,1.0,3,1,0,0,0,0,0,0,0,Williamsburg,Brooklyn
3950,3.0,2,1209,4,10.0,8,0,0,1,0,0,1,0,1,Greenwood,Brooklyn
16000,3.0,3,2499,6,3.0,0,0,0,0,0,0,0,0,0,DUMBO,Brooklyn
6600,2.0,2,1218,0,5.0,116,0,0,0,0,0,0,0,0,Brooklyn Heights,Brooklyn
2650,1.0,1,600,3,5.0,106,0,0,0,0,0,0,0,0,Williamsburg,Brooklyn
5600,2.0,1,1494,6,3.0,106,1,1,0,1,1,1,0,0,DUMBO,Brooklyn
3450,1.0,1,739,2,4.0,2,0,0,0,0,0,0,0,0,Williamsburg,Brooklyn
2699,3.0,1,900,5,1.0,106,1,0,0,0,0,0,0,0,Bedford-Stuyvesant,Brooklyn
3500,1.0,1,966,3,1.0,114,0,0,1,0,0,0,0,0,Prospect Heights,Brooklyn
4300,2.0,2,1088,7,11.0,5,1,0,0,0,0,0,0,0,Carroll Gardens,Brooklyn
2950,2.0,1,850,5,3.0,11,1,0,0,0,0,0,0,0,Greenpoint,Brooklyn
2400,2.0,1,800,4,3.0,85,1,0,0,0,0,0,0,0,Bushwick,Brooklyn
2118,1.0,1,550,9,4.0,111,0,0,0,0,0,0,0,0,Clinton Hill,Brooklyn
2900,3.0,1,1162,2,23.0,52,0,0,0,1,1,1,1,1,Coney Island,Brooklyn
3600,2.0,1,1000,7,2.0,106,0,0,0,0,0,0,0,0,Brooklyn Heights,Brooklyn
3300,4.0,2,1000,8,2.0,85,1,0,0,0,0,0,0,0,Crown Heights,Brooklyn
2499,3.0,1,1200,0,2.0,106,1,0,0,0,0,0,0,0,Bedford-Stuyvesant,Brooklyn
3600,2.0,2,984,4,5.0,86,0,0,0,0,0,0,0,0,Bedford-Stuyvesant,Brooklyn
2750,2.0,1,900,4,2.0,6,0,0,0,0,0,0,0,0,Williamsburg,Brooklyn
2500,1.0,1,500,2,1.0,49,1,0,0,0,0,0,0,0,Brooklyn Heights,Brooklyn
2300,1.0,1,700,4,5.0,85,1,0,0,0,0,0,0,0,Williamsburg,Brooklyn
3337,1.0,1,677,6,2.0,2,1,0,0,0,0,0,0,0,Williamsburg,Brooklyn
2800,1.0,1,750,11,3.0,58,0,0,0,0,0,0,0,0,Clinton Hill,Brooklyn
3050,1.0,1,670,3,7.0,2,1,0,0,0,0,0,0,0,Downtown Brooklyn,Brooklyn
2720,0.0,1,503,1,27.0,7,1,0,0,0,0,0,0,0,Downtown Brooklyn,Brooklyn
3595,1.0,1,730,1,17.0,5,1,0,0,0,0,0,0,0,Downtown Brooklyn,Brooklyn
2500,2.0,1,900,3,4.0,96,0,0,0,0,0,0,0,0,Williamsburg,Brooklyn
2940,1.0,1,700,7,2.0,2,1,0,0,0,0,0,0,0,Williamsburg,Brooklyn
2550,1.5,1,750,8,4.0,95,1,0,0,0,0,0,0,0,Park Slope,Brooklyn
3675,2.0,1,1000,3,1.0,111,1,0,1,0,1,1,0,0,Boerum Hill,Brooklyn
3100,0.0,1,800,2,1.0,9,0,1,0,1,0,0,0,1,Williamsburg,Brooklyn
3450,1.0,1,700,9,2.0,87,0,0,0,0,0,0,0,0,Williamsburg,Brooklyn
5000,3.0,2,1000,3,1.0,88,0,0,0,0,0,0,0,0,Williamsburg,Brooklyn
3117,1.0,1,740,8,1.0,116,0,0,0,0,0,0,0,0,Williamsburg,Brooklyn
2600,2.0,1,725,5,3.0,66,1,0,0,0,0,0,0,0,Bushwick,Brooklyn
2800,2.0,1,900,4,8.0,5,1,0,1,0,0,0,0,0,Ditmas Park,Brooklyn
3050,1.0,1,689,2,6.0,90,1,0,0,0,0,0,0,0,Downtown Brooklyn,Brooklyn
2200,2.0,1,900,2,4.0,86,1,0,0,0,0,0,0,0,Williamsburg,Brooklyn
11500,4.0,3,3243,2,41.0,89,0,0,0,0,0,0,0,0,Fort Greene,Brooklyn
2680,0.0,1,510,3,4.0,7,1,0,0,0,1,1,0,0,Williamsburg,Brooklyn
3350,3.0,1,1200,3,3.0,86,1,0,0,0,0,0,0,0,Crown Heights,Brooklyn
4500,4.5,2,2000,8,1.0,85,1,0,0,0,0,0,0,0,Bushwick,Brooklyn
3100,2.5,1,950,7,3.0,96,0,0,0,0,0,0,0,0,Park Slope,Brooklyn
3099,2.0,1,750,3,7.0,8,1,0,0,0,0,0,0,0,Williamsburg,Brooklyn
4200,1.0,1,895,6,6.0,5,0,0,0,0,0,0,1,0,Williamsburg,Brooklyn
2474,2.0,1,1267,2,4.0,52,1,0,0,0,0,0,0,0,Coney Island,Brooklyn
8500,3.0,3,2500,4,1.0,7,0,1,0,1,1,0,0,1,Park Slope,Brooklyn
3650,1.0,1,662,3,7.0,16,1,0,0,0,0,0,0,0,DUMBO,Brooklyn
1590,0.0,1,350,3,1.0,96,0,0,0,0,0,0,0,0,Williamsburg,Brooklyn
1675,1.0,1,788,6,4.0,59,1,1,0,1,1,0,0,1,Gravesend,Brooklyn
3595,1.0,1,932,7,2.0,11,0,0,0,1,1,1,0,1,Williamsburg,Brooklyn
6426,2.0,2,963,5,3.0,1,1,0,0,0,0,0,0,0,DUMBO,Brooklyn
2050,2.0,1,985,3,6.0,59,1,0,0,0,0,0,0,0,Gravesend,Brooklyn
2150,0.0,1,687,1,3.0,11,1,0,0,0,0,0,0,0,Williamsburg,Brooklyn
2745,2.0,1,800,3,2.0,116,1,0,0,0,0,1,0,0,Williamsburg,Brooklyn
3500,1.0,1,1135,4,1.0,86,0,0,1,1,1,1,0,0,Bedford-Stuyvesant,Brooklyn
5999,2.0,2,1110,5,17.0,8,1,0,0,0,0,0,0,0,Williamsburg,Brooklyn
3300,1.0,1,781,2,4.0,10,1,0,0,1,1,0,0,0,Clinton Hill,Brooklyn
2123,1.0,1,751,6,32.0,89,1,0,0,0,0,0,0,0,Flatbush,Brooklyn
3500,2.0,1,900,9,2.0,131,0,0,0,0,0,0,0,0,Park Slope,Brooklyn
2250,0.0,1,500,13,1.0,116,1,0,0,0,0,0,0,0,Cobble Hill,Brooklyn
3680,1.0,1,618,1,33.0,7,1,0,0,0,0,0,0,0,Downtown Brooklyn,Brooklyn
2445,0.0,1,470,1,50.0,7,1,0,0,0,0,0,0,0,Downtown Brooklyn,Brooklyn
5699,3.0,2,1232,2,6.0,10,1,0,0,0,0,0,0,0,Clinton Hill,Brooklyn
5860,2.0,2,1072,3,1.0,116,1,0,0,0,0,0,0,0,DUMBO,Brooklyn
2450,0.0,1,441,2,2.0,5,0,0,0,1,0,0,0,0,Williamsburg,Brooklyn
1400,1.0,1,650,2,3.0,82,0,0,0,0,0,0,0,0,Flatbush,Brooklyn
3170,1.0,1,590,1,21.0,17,1,0,0,0,0,0,0,0,Brooklyn Heights,Brooklyn
3350,2.5,1,850,8,3.0,96,0,0,0,0,0,0,0,0,Park Slope,Brooklyn
4650,2.0,2,1056,6,7.0,6,1,0,0,1,0,0,0,0,Williamsburg,Brooklyn
1850,1.0,1,790,4,2.0,85,0,0,0,0,0,0,0,0,Ditmas Park,Brooklyn
4495,2.0,1,1000,2,8.0,10,1,0,0,1,1,0,1,0,Carroll Gardens,Brooklyn
3400,1.0,1,654,2,6.0,5,0,0,0,0,0,0,0,0,Williamsburg,Brooklyn
1500,1.0,1,700,6,2.0,60,0,1,1,1,1,1,0,1,Ocean Parkway,Brooklyn
5000,2.0,1,1006,8,6.0,3,1,0,0,0,0,0,0,0,Williamsburg,Brooklyn
5295,3.0,1,1100,5,2.0,1,1,0,0,0,0,0,0,0,Williamsburg,Brooklyn
4500,3.0,2,1000,2,3.0,106,1,0,0,0,0,0,0,0,Williamsburg,Brooklyn
1900,2.0,1,700,5,1.0,106,1,0,0,0,0,0,0,0,Crown Heights,Brooklyn
1800,1.0,1,650,13,2.0,117,0,0,0,0,0,0,0,0,Fort Greene,Brooklyn
4100,1.0,1,878,1,2.0,4,1,0,0,0,1,0,0,0,Williamsburg,Brooklyn
2000,0.0,1,450,43,2.0,107,1,0,0,0,0,0,0,0,Bushwick,Brooklyn
3465,0.0,1,785,8,6.0,106,1,0,0,0,0,0,0,0,Williamsburg,Brooklyn
2195,0.0,1,900,3,4.0,85,0,0,0,0,0,0,0,0,Boerum Hill,Brooklyn
2650,0.0,1,490,5,17.0,8,0,1,0,1,1,0,0,0,Williamsburg,Brooklyn
1695,1.0,1,798,4,1.0,59,1,0,0,0,0,0,0,0,Gravesend,Brooklyn
3700,2.0,1,990,6,1.0,5,0,0,0,0,0,0,0,0,Bedford-Stuyvesant,Brooklyn
4000,2.0,1,1566,9,2.0,91,0,0,0,0,0,0,0,0,Fort Greene,Brooklyn
2850,2.0,1,800,7,2.0,96,1,0,0,0,0,0,0,0,Park Slope,Brooklyn
3400,3.0,2,1500,4,1.0,85,1,0,0,0,0,0,0,0,Bushwick,Brooklyn
1850,0.0,1,700,2,3.0,106,0,0,0,0,0,0,0,0,Crown Heights,Brooklyn
7250,3.0,2,1613,0,4.0,5,0,1,1,0,0,0,0,0,Carroll Gardens,Brooklyn
2891,1.0,1,604,7,3.0,2,0,0,0,0,0,0,0,0,Williamsburg,Brooklyn
4190,2.0,2,976,1,8.0,7,1,0,0,0,0,0,0,0,Downtown Brooklyn,Brooklyn
3300,2.5,1,900,8,4.0,143,0,0,0,0,0,0,0,0,Fort Greene,Brooklyn
1995,1.0,1,600,3,3.0,115,0,0,0,0,0,0,0,0,Greenwood,Brooklyn
5100,4.0,2,1300,4,2.0,85,1,0,0,0,0,0,0,0,Williamsburg,Brooklyn
2550,2.0,1,900,7,1.0,88,0,0,0,0,0,0,0,0,Greenpoint,Brooklyn
1275,0.0,1,490,4,7.0,56,1,0,0,0,0,0,0,0,Gravesend,Brooklyn
3225,0.0,1,490,5,7.0,11,1,0,0,0,0,0,0,0,Downtown Brooklyn,Brooklyn
2600,1.0,1,900,6,1.0,117,0,0,0,0,0,0,0,0,Carroll Gardens,Brooklyn
3800,3.0,1,1250,3,2.0,117,0,0,0,0,0,0,0,0,Park Slope,Brooklyn
3295,2.0,2,1000,9,1.0,106,1,0,0,0,0,0,0,0,Williamsburg,Brooklyn
3750,2.0,2,1060,3,4.0,6,0,0,0,0,0,0,0,0,Bushwick,Brooklyn
2600,2.0,1,700,8,2.0,86,1,0,0,0,0,0,0,0,Greenpoint,Brooklyn
2395,3.0,1,950,4,1.0,109,0,0,0,0,0,0,0,0,Bushwick,Brooklyn
4500,2.0,2,1042,1,43.0,3,1,0,0,0,0,0,0,0,Downtown Brooklyn,Brooklyn
3200,2.0,1,1000,4,2.0,106,0,0,0,0,0,0,0,0,Williamsburg,Brooklyn
1695,1.0,1,719,7,6.0,56,1,0,0,0,0,0,0,0,Brighton Beach,Brooklyn
4325,2.0,2,1130,2,2.0,6,1,0,0,0,0,0,0,0,Williamsburg,Brooklyn
2400,2.0,1,1200,18,2.0,106,0,0,0,0,0,0,0,0,Williamsburg,Brooklyn
1700,0.0,1,450,2,2.0,77,0,0,1,0,1,0,0,0,Windsor Terrace,Brooklyn
1846,2.0,1,900,5,1.0,106,1,0,0,0,0,0,0,0,Crown Heights,Brooklyn
2395,3.0,1,950,4,1.0,109,0,0,0,0,0,0,0,0,Bushwick,Brooklyn
2700,1.0,1,617,5,4.0,8,1,0,0,0,0,0,0,0,Williamsburg,Brooklyn
3300,2.0,1,900,6,2.0,96,0,0,0,0,0,0,0,0,Park Slope,Brooklyn
2251,2.0,1,900,5,3.0,55,0,0,0,0,0,0,0,0,Kensington,Brooklyn
4200,1.0,1,925,4,2.0,106,0,0,0,0,1,1,0,0,Williamsburg,Brooklyn
2675,2.0,1,1000,5,5.0,8,1,0,0,0,0,0,0,0,Bushwick,Brooklyn
4000,3.0,1,1000,4,2.0,8,1,0,0,0,0,0,0,0,Williamsburg,Brooklyn
3029,1.0,1,655,7,3.0,2,0,0,0,0,0,0,0,0,Williamsburg,Brooklyn
2500,3.0,1,1000,1,1.0,76,0,0,0,0,0,0,0,0,Sunset Park,Brooklyn
3138,0.0,1,440,5,8.0,1,1,0,0,0,0,0,0,0,DUMBO,Brooklyn
3250,1.0,1,680,3,5.0,116,1,0,0,0,0,0,0,0,Downtown Brooklyn,Brooklyn
3700,4.0,1,1000,4,2.0,106,0,0,0,0,0,0,0,0,Williamsburg,Brooklyn
5900,3.0,2,1248,8,5.0,3,1,0,0,0,0,0,0,0,Williamsburg,Brooklyn
6650,4.0,2,1501,3,6.0,2,0,0,0,0,0,0,0,0,Williamsburg,Brooklyn
2500,2.0,1,800,6,3.0,88,0,0,0,0,0,0,0,0,Greenpoint,Brooklyn
1450,1.0,1,700,12,5.0,78,0,0,0,0,0,0,0,0,East Flatbush,Brooklyn
1375,0.0,1,552,6,4.0,59,1,0,0,0,0,0,0,0,Gravesend,Brooklyn
4300,2.0,2,915,2,3.0,5,0,0,0,0,0,0,0,0,Williamsburg,Brooklyn
4800,2.0,2,1100,7,10.0,5,1,1,0,0,0,0,0,0,Carroll Gardens,Brooklyn
2100,2.0,1,1095,13,6.0,55,1,0,0,0,0,0,0,0,Sheepshead Bay,Brooklyn
1875,0.0,1,500,7,1.0,116,0,0,0,0,0,0,0,0,Carroll Gardens,Brooklyn
3099,3.0,2,1000,3,2.0,85,1,0,0,0,0,0,0,0,Bushwick,Brooklyn
3942,2.0,2,1154,10,9.0,6,1,0,0,0,0,0,0,0,Clinton Hill,Brooklyn
2765,1.0,1,405,4,5.0,106,1,0,0,0,0,0,0,0,Williamsburg,Brooklyn
2400,0.0,1,492,2,2.0,5,0,0,0,0,0,0,0,0,Williamsburg,Brooklyn
2400,2.0,1,700,3,1.0,85,0,0,0,0,0,0,0,0,Windsor Terrace,Brooklyn
3080,1.0,1,590,1,11.0,17,1,0,0,0,0,0,0,0,Brooklyn Heights,Brooklyn
2500,1.5,1,800,9,4.0,116,0,0,0,0,0,0,0,0,Boerum Hill,Brooklyn
1795,1.0,1,900,8,6.0,78,1,0,0,0,0,0,0,0,Brighton Beach,Brooklyn
2395,3.0,1,950,4,3.0,109,1,0,0,0,0,0,0,0,Bushwick,Brooklyn
4595,2.0,2,900,1,44.0,7,1,0,0,0,0,0,0,0,Downtown Brooklyn,Brooklyn
1795,1.5,1,850,4,2.0,111,1,0,0,0,0,0,0,0,Bedford-Stuyvesant,Brooklyn
3000,2.0,1,1000,6,4.0,111,0,0,0,0,0,0,0,0,Clinton Hill,Brooklyn
2585,0.0,1,408,1,12.0,5,1,0,0,0,0,0,0,0,Downtown Brooklyn,Brooklyn
3495,1.0,1,620,6,2.0,2,1,0,0,0,0,0,0,0,Williamsburg,Brooklyn
2695,2.0,1,900,4,2.0,3,1,0,0,0,0,0,0,0,Williamsburg,Brooklyn
3200,1.0,1,850,3,4.0,96,0,1,1,1,1,1,1,1,Fort Greene,Brooklyn
1875,2.0,1,930,6,4.0,57,1,0,0,0,0,0,0,0,Brighton Beach,Brooklyn
3100,1.0,1,664,9,8.0,4,1,0,0,0,0,0,0,0,Williamsburg,Brooklyn
2930,1.0,1,618,1,9.0,7,1,0,0,0,0,0,0,0,Downtown Brooklyn,Brooklyn
4250,2.0,2,976,7,3.0,8,0,0,0,1,1,1,0,1,Greenpoint,Brooklyn
3100,1.0,1,675,2,2.0,7,1,0,0,0,0,0,0,0,Greenpoint,Brooklyn
1400,1.0,1,650,2,2.0,85,0,0,0,0,0,0,0,0,Flatbush,Brooklyn
1650,0.0,1,250,2,10.0,86,0,0,0,0,0,0,0,0,Clinton Hill,Brooklyn
3000,3.0,2,1150,11,1.0,12,1,0,0,0,0,0,0,0,Bedford-Stuyvesant,Brooklyn
2383,2.0,1,1130,2,3.0,52,1,0,0,0,0,0,0,0,Coney Island,Brooklyn
2769,3.0,1,1438,6,22.0,89,1,0,0,0,0,0,0,0,Flatbush,Brooklyn
2764,1.0,1,648,3,7.0,0,1,0,0,0,0,0,0,0,Prospect Park South,Brooklyn
2550,2.0,1,850,4,2.0,88,0,0,0,0,0,0,0,0,Williamsburg,Brooklyn
2658,0.0,1,618,3,7.0,2,0,0,0,0,0,0,0,0,Williamsburg,Brooklyn
4200,2.0,2,955,9,5.0,16,0,0,0,1,1,0,0,0,Park Slope,Brooklyn
2800,3.0,1,2500,4,6.0,53,0,0,0,1,1,0,0,0,Ocean Parkway,Brooklyn
1800,2.0,2,1000,3,2.0,111,1,0,0,0,0,0,0,0,East New York,Brooklyn
2735,2.0,1,890,2,5.0,9,1,0,1,1,1,0,0,0,Bushwick,Brooklyn
2800,1.0,1,700,6,2.0,5,0,0,0,0,0,0,0,0,Crown Heights,Brooklyn
1850,1.0,1,650,7,2.0,96,0,0,0,0,0,0,0,0,Williamsburg,Brooklyn
3200,3.0,1,1150,6,3.0,111,1,0,0,0,0,0,0,0,Crown Heights,Brooklyn
2975,0.0,1,1000,7,3.0,79,0,0,0,0,0,0,0,0,Bedford-Stuyvesant,Brooklyn
1846,0.0,1,558,3,4.0,76,1,0,0,0,0,0,0,0,Flatbush,Brooklyn
3850,2.0,1,753,3,4.0,109,1,0,0,0,0,0,0,0,Williamsburg,Brooklyn
4350,3.0,1,950,2,2.0,106,1,0,0,0,0,0,0,0,Williamsburg,Brooklyn
3050,4.0,2,1000,6,2.0,81,0,0,0,0,0,0,0,0,Flatbush,Brooklyn
4900,2.0,2,1071,4,4.0,2,1,0,0,0,0,0,0,0,Williamsburg,Brooklyn
2600,2.0,1,850,2,4.0,86,0,0,0,0,0,0,0,0,Williamsburg,Brooklyn
3100,1.0,2,948,4,2.0,12,0,0,0,1,0,0,0,0,Williamsburg,Brooklyn
2850,3.0,1,1000,3,4.0,116,1,0,0,0,0,0,0,0,Bedford-Stuyvesant,Brooklyn
2450,2.0,2,1156,3,4.0,57,1,0,0,0,0,0,0,0,Sunset Park,Brooklyn
6850,3.0,2,1691,7,8.0,100,0,0,0,1,0,0,1,0,Williamsburg,Brooklyn
2000,2.0,1,1000,2,2.0,106,0,0,0,0,0,0,0,0,Crown Heights,Brooklyn
1550,1.0,1,682,4,3.0,96,1,0,0,0,0,0,0,0,Crown Heights,Brooklyn
2200,1.0,1,700,4,1.0,106,0,0,0,0,0,0,0,0,Williamsburg,Brooklyn
3500,0.0,1,1200,7,6.0,79,0,0,0,0,0,0,0,0,Bedford-Stuyvesant,Brooklyn
4000,0.0,1,1100,6,3.0,88,0,0,0,1,1,0,0,1,Brooklyn Heights,Brooklyn
4600,2.0,2,1463,4,1.0,8,0,0,0,0,0,0,0,0,Boerum Hill,Brooklyn
4350,2.0,2,2200,43,1.0,10,0,0,0,0,0,0,0,0,Bedford-Stuyvesant,Brooklyn
2999,2.0,1,750,3,2.0,8,1,0,0,0,0,0,0,0,Williamsburg,Brooklyn
2400,1.0,1,800,1,7.0,70,0,1,0,1,1,1,0,1,Clinton Hill,Brooklyn
3000,1.0,1,600,0,4.0,96,0,0,0,0,0,0,0,0,Boerum Hill,Brooklyn
1925,1.0,1,860,2,1.0,12,1,0,0,0,0,0,0,0,Bedford-Stuyvesant,Brooklyn
2400,1.0,1,850,9,4.0,96,0,0,0,0,0,0,0,0,Carroll Gardens,Brooklyn
2700,2.0,1,1000,4,5.0,4,0,0,0,0,0,0,0,0,Greenpoint,Brooklyn
4395,2.0,2,977,1,16.0,5,1,0,0,0,0,0,0,0,Downtown Brooklyn,Brooklyn
2995,2.0,1,850,2,2.0,11,1,0,0,0,0,1,0,0,Bushwick,Brooklyn
3295,2.0,1,950,2,1.0,106,1,0,0,0,0,0,0,0,Williamsburg,Brooklyn
2200,1.0,1,400,6,4.0,96,0,0,0,1,0,0,0,0,Park Slope,Brooklyn
4395,4.0,3,1200,5,1.0,85,1,0,0,0,0,0,0,0,Bedford-Stuyvesant,Brooklyn
3595,1.0,1,822,1,6.0,5,1,0,0,0,0,0,0,0,Downtown Brooklyn,Brooklyn
2700,1.0,1,680,8,2.0,9,0,0,0,0,0,0,0,0,Greenpoint,Brooklyn
2995,2.0,1,850,2,2.0,11,1,0,0,0,0,1,0,0,Bushwick,Brooklyn
3700,2.0,2,1186,9,4.0,8,0,0,0,0,0,0,1,0,Clinton Hill,Brooklyn
5900,3.0,2,1248,8,5.0,3,1,0,0,0,0,0,0,0,Williamsburg,Brooklyn
3550,2.0,2,1100,13,3.0,116,1,0,0,0,0,0,0,0,Cobble Hill,Brooklyn
3241,1.0,1,672,6,1.0,2,1,0,0,0,0,0,0,0,Williamsburg,Brooklyn
2600,1.0,1,800,2,2.0,88,0,0,0,0,0,0,0,0,Park Slope,Brooklyn
2999,2.0,1,750,3,2.0,8,1,0,0,0,0,0,0,0,Williamsburg,Brooklyn
3250,3.0,1,749,4,2.0,85,0,0,0,0,0,0,0,0,Gowanus,Brooklyn
4500,2.0,2,1028,10,4.0,10,0,0,1,0,1,0,0,1,Prospect Heights,Brooklyn
1995,2.0,1,900,7,2.0,85,0,0,0,0,0,0,0,0,Bushwick,Brooklyn
2100,0.0,1,425,4,3.0,96,0,0,0,0,0,0,0,0,Fort Greene,Brooklyn
3895,4.0,1,1100,4,2.0,106,1,1,1,1,0,0,0,0,Crown Heights,Brooklyn
1625,0.0,1,456,6,4.0,54,1,0,0,0,0,0,0,0,Windsor Terrace,Brooklyn
3000,2.0,1,750,4,2.0,14,0,0,0,0,0,0,0,0,DUMBO,Brooklyn
1475,0.0,1,600,6,2.0,56,0,0,0,0,0,0,0,0,Bay Ridge,Brooklyn
2700,3.0,1,900,5,1.0,106,1,0,0,0,0,0,0,0,Bedford-Stuyvesant,Brooklyn
4025,2.0,2,1050,3,5.0,2,0,0,0,0,0,0,0,0,Williamsburg,Brooklyn
3850,2.0,2,1026,3,6.0,2,0,0,0,0,0,0,0,0,Williamsburg,Brooklyn
4190,1.0,1,621,5,3.0,1,1,0,0,0,0,0,0,0,DUMBO,Brooklyn
4200,2.0,2,1062,2,3.0,10,0,0,1,0,0,1,1,0,Boerum Hill,Brooklyn
2500,1.0,1,760,7,3.0,7,1,1,0,1,1,1,0,0,Bedford-Stuyvesant,Brooklyn
2480,0.0,1,402,1,33.0,7,1,0,0,0,0,0,0,0,Downtown Brooklyn,Brooklyn
2875,0.0,1,508,10,8.0,116,0,0,0,0,0,0,0,0,Williamsburg,Brooklyn
2150,3.0,1,1000,3,3.0,106,1,0,0,1,1,1,0,0,Bedford-Stuyvesant,Brooklyn
3899,0.0,1,1040,3,2.0,85,1,0,0,0,0,0,0,0,Williamsburg,Brooklyn
3500,2.0,1,850,2,1.0,106,1,0,0,0,0,0,0,0,Williamsburg,Brooklyn
2500,2.0,1,800,3,3.0,86,0,0,0,0,0,0,0,0,Greenwood,Brooklyn
1850,1.0,1,600,2,2.0,96,0,0,0,0,0,0,0,0,Williamsburg,Brooklyn
3270,0.0,1,470,5,2.0,85,1,0,0,0,0,0,0,0,Cobble Hill,Brooklyn
3100,1.0,1,709,6,31.0,11,0,0,0,1,1,0,0,0,Downtown Brooklyn,Brooklyn
3300,0.0,1,1000,11,3.0,116,0,0,0,0,0,0,0,0,Williamsburg,Brooklyn
2635,1.0,1,550,9,7.0,86,0,0,0,0,0,0,0,0,Greenpoint,Brooklyn
4500,3.0,2,1500,6,3.0,5,0,0,0,0,0,0,0,0,Downtown Brooklyn,Brooklyn
2250,1.0,1,650,9,5.0,111,0,0,0,0,0,0,0,0,Clinton Hill,Brooklyn
3375,2.0,1,1200,3,1.0,11,1,0,0,0,0,0,0,0,Williamsburg,Brooklyn
3350,1.0,1,719,4,3.0,9,1,0,0,1,1,0,0,0,Williamsburg,Brooklyn
3195,1.0,1,801,1,12.0,10,0,0,1,1,1,0,0,1,DUMBO,Brooklyn
3184,3.0,2,900,1,4.0,117,1,0,0,0,0,0,0,0,Bushwick,Brooklyn
3099,0.0,1,710,3,4.0,85,1,0,0,0,0,0,0,0,Williamsburg,Brooklyn
6923,3.0,2,1274,8,6.0,3,1,0,0,0,0,0,0,0,Williamsburg,Brooklyn
4595,2.0,2,1051,1,11.0,5,1,0,0,0,0,0,0,0,Downtown Brooklyn,Brooklyn
2300,2.0,1,750,7,4.0,88,0,0,0,0,0,0,0,0,Greenpoint,Brooklyn
2660,0.0,1,496,4,26.0,7,1,0,0,0,0,0,0,0,Downtown Brooklyn,Brooklyn
2100,0.0,1,375,3,4.0,174,0,0,0,0,0,0,0,0,Brooklyn Heights,Brooklyn
3950,2.0,1,1150,5,3.0,116,1,0,0,0,0,0,0,0,Williamsburg,Brooklyn
2250,2.0,1,900,5,3.0,109,1,0,0,0,0,0,0,0,Bedford-Stuyvesant,Brooklyn
3300,1.0,1,938,3,7.0,2,0,0,0,0,0,0,0,0,Williamsburg,Brooklyn
1850,1.0,1,700,7,7.0,54,0,0,0,0,0,0,0,0,Prospect Lefferts Gardens,Brooklyn
4600,2.0,2,1169,1,4.0,10,1,1,0,1,1,1,0,1,DUMBO,Brooklyn
3000,1.0,1,670,5,6.0,96,1,0,0,0,0,0,0,0,Downtown Brooklyn,Brooklyn
3800,2.0,1,1000,7,2.0,95,0,0,0,0,0,0,0,0,Park Slope,Brooklyn
4700,3.0,2,1600,4,1.0,85,0,0,0,0,0,0,0,0,Prospect Heights,Brooklyn
1750,1.0,1,780,8,2.0,115,0,0,0,0,0,0,0,0,Brighton Beach,Brooklyn
4150,0.0,1,885,3,4.0,85,1,0,0,0,0,0,0,0,Williamsburg,Brooklyn
2300,1.0,1,800,4,2.0,106,1,0,0,0,0,0,0,0,Williamsburg,Brooklyn
2300,2.0,1,750,3,1.0,85,0,0,0,0,0,0,0,0,Bushwick,Brooklyn
1600,0.0,1,500,5,1.0,115,0,0,0,0,0,0,0,0,Park Slope,Brooklyn
1850,1.0,1,700,6,2.0,96,1,0,0,0,0,0,0,0,Williamsburg,Brooklyn
4095,2.0,1,900,2,68.0,8,0,0,0,0,0,0,0,0,Williamsburg,Brooklyn
2750,1.0,1,698,12,4.0,9,1,0,0,0,1,0,0,0,Clinton Hill,Brooklyn
16000,2.0,3,2592,5,9.0,100,0,1,0,0,0,1,1,1,DUMBO,Brooklyn
1900,1.0,1,800,2,3.0,105,1,0,0,0,0,0,0,0,Bushwick,Brooklyn
4000,2.0,1,950,1,3.0,115,0,0,0,0,0,0,0,0,Park Slope,Brooklyn
2850,1.0,1,800,12,3.0,9,0,0,0,0,0,0,0,0,Clinton Hill,Brooklyn
1795,2.0,1,750,5,1.0,85,0,0,0,0,0,0,0,0,Bushwick,Brooklyn
2580,0.0,1,469,1,19.0,7,1,0,0,0,0,0,0,0,Downtown Brooklyn,Brooklyn
3500,4.0,2,1500,7,2.0,86,1,0,0,0,0,0,0,0,Bushwick,Brooklyn
5300,2.0,2,1318,6,14.0,13,1,0,0,0,1,0,0,0,Williamsburg,Brooklyn
3815,1.0,1,750,1,17.0,5,0,0,0,0,0,0,0,0,Downtown Brooklyn,Brooklyn
1700,1.0,1,367,4,3.0,106,0,0,0,0,0,0,0,0,Bedford-Stuyvesant,Brooklyn
2800,1.0,1,735,1,2.0,96,0,0,0,1,0,0,0,0,Park Slope,Brooklyn
3900,2.0,2,1000,1,5.0,106,1,0,0,0,0,0,0,0,Williamsburg,Brooklyn
3750,2.0,1,1400,1,2.0,117,0,0,0,0,0,0,0,0,Boerum Hill,Brooklyn
3700,2.0,2,848,7,2.0,66,1,0,0,0,0,0,0,0,Crown Heights,Brooklyn
2300,1.0,1,900,5,2.0,88,0,0,0,0,0,0,0,0,Greenpoint,Brooklyn
3750,3.0,2,1531,1,1.0,10,0,0,1,1,1,1,0,0,Crown Heights,Brooklyn
4000,2.0,1,1080,5,1.0,117,0,0,0,0,0,0,0,0,Williamsburg,Brooklyn
4200,2.0,2,977,1,5.0,5,1,0,0,0,0,0,0,0,Downtown Brooklyn,Brooklyn
18000,3.0,2,2470,3,5.0,116,0,1,1,1,1,1,0,1,DUMBO,Brooklyn